{
  "glue_plus": {
    "reversible_qwen3": {
      "sst2": {
        "score": 0.5091743119266054,
        "inference_time": 3.4941951616094746,
        "num_samples": 872,
        "difficulty": "easy"
      },
      "cola": {
        "score": 0.0,
        "inference_time": 3.2820255756378174,
        "num_samples": 1000,
        "difficulty": "medium"
      },
      "mrpc": {
        "score": 0.8122270742358079,
        "inference_time": 3.2653306044784247,
        "num_samples": 408,
        "difficulty": "medium"
      },
      "_summary": {
        "overall_score": 0.6607006930812067,
        "weighted_score": 0.8637574616401587,
        "tasks_completed": 2,
        "total_tasks": 3
      }
    },
    "standard_qwen3": {
      "sst2": {
        "score": 0.5091743119266054,
        "inference_time": 3.220228153631228,
        "num_samples": 872,
        "difficulty": "easy"
      },
      "cola": {
        "score": 0.0,
        "inference_time": 3.2204854488372803,
        "num_samples": 1000,
        "difficulty": "medium"
      },
      "mrpc": {
        "score": 0.8122270742358079,
        "inference_time": 3.2296992984472537,
        "num_samples": 408,
        "difficulty": "medium"
      },
      "_summary": {
        "overall_score": 0.6607006930812067,
        "weighted_score": 0.8637574616401587,
        "tasks_completed": 2,
        "total_tasks": 3
      }
    }
  }
}