{
  "reversible_standard": {
    "enhanced_metrics": {
      "model_name": "reversible_standard",
      "perplexity": 100.88162994384766,
      "loss": 4.613947658164828,
      "token_accuracy": 0.18764705882352942,
      "bits_per_byte": 6.656519405355644,
      "memory_peak_mb": 6977.66748046875,
      "memory_reserved_mb": 8006.0,
      "memory_efficiency_ratio": 3.1468856412453414,
      "throughput_tokens_per_sec": 21613.639271400938,
      "time_per_token_ms": 0.046267081052064896,
      "estimated_flops_per_token": 1527340032,
      "training_time_per_epoch": 1560.7107821941377,
      "gradient_norm": 1.5886959234343443,
      "convergence_rate": 0.3155707861841514,
      "training_stability": 3.3977127955946282,
      "overfitting_gap": 1.019017356949361,
      "epochs_to_converge": 5,
      "memory_scaling_slope": 0.20129176548548824,
      "attention_sparsity": null,
      "pruning_ratio": null,
      "reversible_layers_used": null
    },
    "baseline_perplexity": 16112.6015625,
    "improvement": 16011.719932556152,
    "memory_scaling_data": [
      {
        "seq_length": 128,
        "peak_memory_mb": 2995.04833984375,
        "memory_per_token": 23.398815155029297
      },
      {
        "seq_length": 256,
        "peak_memory_mb": 3023.11279296875,
        "memory_per_token": 11.80903434753418
      },
      {
        "seq_length": 512,
        "peak_memory_mb": 3072.80419921875,
        "memory_per_token": 6.001570701599121
      }
    ],
    "training_curves": {
      "train_losses": [
        5.545119920982009,
        5.021766675997913,
        4.695205699670898,
        4.355978197847906,
        3.9672659900612515
      ],
      "val_losses": [
        5.216401865084966,
        4.979321291049321,
        4.868815908829371,
        4.873775338133176,
        4.9862833470106125
      ],
      "epoch_times": [
        1710.1945731639862,
        1521.7160181999207,
        1524.0965621471405,
        1524.6892874240875,
        1522.857470035553
      ],
      "gradient_norms": [
        1.33444209468104,
        1.3416213341857688,
        1.481074099198639,
        1.7260620104696451,
        2.060280078636629
      ],
      "token_accuracies": [
        0.14138286893704852,
        0.1470794633642931,
        0.1474922600619195,
        0.1474922600619195,
        0.14072239422084623
      ]
    }
  },
  "reversible_candidate": {
    "enhanced_metrics": {
      "model_name": "reversible_candidate",
      "perplexity": 338.6552429199219,
      "loss": 5.8249825750612745,
      "token_accuracy": 0.12392156862745098,
      "bits_per_byte": 8.403673474305526,
      "memory_peak_mb": 7968.78515625,
      "memory_reserved_mb": 8956.0,
      "memory_efficiency_ratio": 4.189499397603689,
      "throughput_tokens_per_sec": 22212.881686929933,
      "time_per_token_ms": 0.04501892253756523,
      "estimated_flops_per_token": 1527340032,
      "training_time_per_epoch": 1723.3894047260285,
      "gradient_norm": 1.0986438725171426,
      "convergence_rate": 0.06472611610799692,
      "training_stability": 78.45456412415307,
      "overfitting_gap": 0.18622557092520076,
      "epochs_to_converge": 5,
      "memory_scaling_slope": 0.23681177411760415,
      "attention_sparsity": null,
      "pruning_ratio": null,
      "reversible_layers_used": null
    },
    "baseline_perplexity": 16095.400390625,
    "improvement": 15756.745147705078,
    "memory_scaling_data": [
      {
        "seq_length": 128,
        "peak_memory_mb": 3993.85498046875,
        "memory_per_token": 31.20199203491211
      },
      {
        "seq_length": 256,
        "peak_memory_mb": 4020.79443359375,
        "memory_per_token": 15.706228256225586
      },
      {
        "seq_length": 512,
        "peak_memory_mb": 4084.1162109375,
        "memory_per_token": 7.976789474487305
      }
    ],
    "training_curves": {
      "train_losses": [
        6.0684061959856335,
        5.917237501832829,
        5.847465116065457,
        5.792361620257539,
        5.744775615445649
      ],
      "val_losses": [
        5.97420730193456,
        5.937497526407242,
        5.9246014555295305,
        5.9285995165507,
        5.93100118637085
      ],
      "epoch_times": [
        1720.504093170166,
        1720.819378376007,
        1723.4722790718079,
        1731.4396350383759,
        1720.7116379737854
      ],
      "gradient_norms": [
        1.255738987920663,
        1.1089905100827377,
        1.047860495669141,
        1.034067077240357,
        1.0465622916728137
      ],
      "token_accuracies": [
        0.11199174406604748,
        0.1118266253869969,
        0.11215686274509803,
        0.11401444788441692,
        0.11302373581011352
      ]
    }
  },
  "non_reversible_standard": {
    "enhanced_metrics": {
      "model_name": "non_reversible_standard",
      "perplexity": 1.0247496366500854,
      "loss": 0.02444837448643703,
      "token_accuracy": 0.9966666666666667,
      "bits_per_byte": 0.035271548629378965,
      "memory_peak_mb": 8963.53076171875,
      "memory_reserved_mb": 9946.0,
      "memory_efficiency_ratio": 5.187562980081701,
      "throughput_tokens_per_sec": 28012.653702263986,
      "time_per_token_ms": 0.03569815307855606,
      "estimated_flops_per_token": 1527340032,
      "training_time_per_epoch": 1590.2432905197143,
      "gradient_norm": 0.1633701383725088,
      "convergence_rate": 0.04002340782186102,
      "training_stability": 168.58311280297858,
      "overfitting_gap": 0.01425322780613612,
      "epochs_to_converge": 5,
      "memory_scaling_slope": 0.1818302699497754,
      "attention_sparsity": null,
      "pruning_ratio": null,
      "reversible_layers_used": null
    },
    "baseline_perplexity": 16005.4423828125,
    "improvement": 16004.41763317585,
    "memory_scaling_data": [
      {
        "seq_length": 128,
        "peak_memory_mb": 4982.28662109375,
        "memory_per_token": 38.92411422729492
      },
      {
        "seq_length": 256,
        "peak_memory_mb": 5007.72607421875,
        "memory_per_token": 19.561429977416992
      },
      {
        "seq_length": 512,
        "peak_memory_mb": 5052.54248046875,
        "memory_per_token": 9.868247032165527
      }
    ],
    "training_curves": {
      "train_losses": [
        0.2106050776722125,
        0.024029754529410027,
        0.02146516100653072,
        0.017612250787600356,
        0.01048803856290742
      ],
      "val_losses": [
        0.02301885389412443,
        0.022014922831052292,
        0.021729938006804634,
        0.022557686490472406,
        0.02474126636904354
      ],
      "epoch_times": [
        1587.9631345272064,
        1584.5305173397064,
        1591.1098544597626,
        1595.3992278575897,
        1592.2137184143066
      ],
      "gradient_norms": [
        0.41305149615422426,
        0.1085544009313589,
        0.0883138459657042,
        0.1008052511052966,
        0.10612569770596006
      ],
      "token_accuracies": [
        0.9969040247678018,
        0.9966150670794633,
        0.9967801857585139,
        0.9967389060887513,
        0.9967389060887513
      ]
    }
  }
}