{
  "reversible_standard": {
    "enhanced_metrics": {
      "model_name": "reversible_standard",
      "perplexity": 1.0284943580627441,
      "loss": 0.02809593537274529,
      "token_accuracy": 0.9962745098039215,
      "bits_per_byte": 0.040533866631396444,
      "memory_peak_mb": 3986.1923828125,
      "memory_reserved_mb": 4606.0,
      "memory_efficiency_ratio": 2.9682939346312986,
      "throughput_tokens_per_sec": 44598.20085645812,
      "time_per_token_ms": 0.0224224291741848,
      "estimated_flops_per_token": 861981696,
      "training_time_per_epoch": 1332.0216112613678,
      "gradient_norm": 0.13683929861344518,
      "convergence_rate": 0.03252401636446292,
      "training_stability": 269.1585975832435,
      "overfitting_gap": 0.027078069160593948,
      "epochs_to_converge": 5,
      "memory_scaling_slope": 0.18566676548548974,
      "attention_sparsity": null,
      "pruning_ratio": null,
      "reversible_layers_used": null
    },
    "baseline_perplexity": 16196.9052734375,
    "improvement": 16195.876779079437,
    "memory_scaling_data": [
      {
        "seq_length": 128,
        "peak_memory_mb": 1571.9677734375,
        "memory_per_token": 12.280998229980469
      },
      {
        "seq_length": 256,
        "peak_memory_mb": 1598.0322265625,
        "memory_per_token": 6.242313385009766
      },
      {
        "seq_length": 512,
        "peak_memory_mb": 1643.7236328125,
        "memory_per_token": 3.210397720336914
      }
    ],
    "training_curves": {
      "train_losses": [
        0.16428989864445948,
        0.022819931403695575,
        0.018712847949153833,
        0.008937662017525166,
        0.0016698168221448593
      ],
      "val_losses": [
        0.02324245951604098,
        0.02164636313682422,
        0.0219613677666833,
        0.026805279951076955,
        0.028747885982738808
      ],
      "epoch_times": [
        1337.0682063102722,
        1328.1517407894135,
        1331.7521996498108,
        1329.9755787849426,
        1333.1603307724
      ],
      "gradient_norms": [
        0.2182748133280377,
        0.09120884440983432,
        0.13198140543021353,
        0.16350608522668808,
        0.07922534467245224
      ],
      "token_accuracies": [
        0.9966976264189886,
        0.996656346749226,
        0.9966976264189886,
        0.996656346749226,
        0.9965737874097007
      ]
    }
  },
  "non_reversible_standard": {
    "enhanced_metrics": {
      "model_name": "non_reversible_standard",
      "perplexity": 1.0246756076812744,
      "loss": 0.024376040404918146,
      "token_accuracy": 0.9970588235294118,
      "bits_per_byte": 0.03516719260868441,
      "memory_peak_mb": 6115.9951171875,
      "memory_reserved_mb": 7076.0,
      "memory_efficiency_ratio": 2.259787682956509,
      "throughput_tokens_per_sec": 28525.706513076097,
      "time_per_token_ms": 0.03505609929561615,
      "estimated_flops_per_token": 1527340032,
      "training_time_per_epoch": 1568.4231043815612,
      "gradient_norm": 0.15847643268693817,
      "convergence_rate": 0.03972902287014658,
      "training_stability": 172.4892018047152,
      "overfitting_gap": 0.01723971770539038,
      "epochs_to_converge": 5,
      "memory_scaling_slope": 0.18284170968191912,
      "attention_sparsity": null,
      "pruning_ratio": null,
      "reversible_layers_used": null
    },
    "baseline_perplexity": 15943.7275390625,
    "improvement": 15942.702863454819,
    "memory_scaling_data": [
      {
        "seq_length": 128,
        "peak_memory_mb": 2139.3759765625,
        "memory_per_token": 16.71387481689453
      },
      {
        "seq_length": 256,
        "peak_memory_mb": 2164.8779296875,
        "memory_per_token": 8.456554412841797
      },
      {
        "seq_length": 512,
        "peak_memory_mb": 2210.0068359375,
        "memory_per_token": 4.31641960144043
      }
    ],
    "training_curves": {
      "train_losses": [
        0.20761483649967413,
        0.023828252772346386,
        0.02113933418804377,
        0.01677451347173272,
        0.008969722148941242
      ],
      "val_losses": [
        0.02294300137630974,
        0.021659687452483922,
        0.021668346501731623,
        0.022794537614875782,
        0.026209439854331624
      ],
      "epoch_times": [
        1560.4298939704895,
        1565.8242061138153,
        1576.051635503769,
        1563.2243444919586,
        1576.585441827774
      ],
      "gradient_norms": [
        0.39502246256396656,
        0.10600648737250433,
        0.08728547499673359,
        0.10122322249549695,
        0.10284451600598948
      ],
      "token_accuracies": [
        0.9965325077399381,
        0.9967389060887513,
        0.9968214654282765,
        0.9968214654282765,
        0.9966976264189886
      ]
    }
  }
}