{
  "reversible_standard": {
    "enhanced_metrics": {
      "model_name": "reversible_standard",
      "perplexity": 1.0451934337615967,
      "loss": 0.044201968467398864,
      "token_accuracy": 0.9985812133072407,
      "bits_per_byte": 0.06376996070544669,
      "memory_peak_mb": 5714.3486328125,
      "memory_reserved_mb": 6492.0,
      "memory_efficiency_ratio": 2.792170763770593,
      "throughput_tokens_per_sec": 46518.275983823,
      "time_per_token_ms": 0.021496927365660667,
      "estimated_flops_per_token": 1058589696,
      "training_time_per_epoch": 35.73133104642232,
      "gradient_norm": 0.3219929167084516,
      "convergence_rate": 0.30982599025468033,
      "training_stability": 0.1350107963360616,
      "overfitting_gap": 0.034413068324327466,
      "epochs_to_converge": 30,
      "memory_scaling_slope": 0.22594996861049044,
      "attention_sparsity": null,
      "pruning_ratio": null,
      "reversible_layers_used": null
    },
    "baseline_perplexity": 32943.578125,
    "improvement": 32942.53293156624,
    "memory_scaling_data": [
      {
        "seq_length": 128,
        "peak_memory_mb": 1825.9677734375,
        "memory_per_token": 14.265373229980469
      },
      {
        "seq_length": 256,
        "peak_memory_mb": 1859.8447265625,
        "memory_per_token": 7.265018463134766
      },
      {
        "seq_length": 512,
        "peak_memory_mb": 1913.7236328125,
        "memory_per_token": 3.737741470336914
      }
    ],
    "training_curves": {
      "train_losses": [
        9.304992820739747,
        8.933320861816407,
        7.771094699859619,
        5.594275867462158,
        3.7628237342834474,
        2.517515119552612,
        1.6700577850341798,
        1.0860596561431886,
        0.6917760214805603,
        0.4360185146331787,
        0.2771322491168976,
        0.18110748434066773,
        0.12316637432575225,
        0.0880115728378296,
        0.0658246439397335,
        0.05118006923794746,
        0.041235475778579715,
        0.03415427352488041,
        0.028875598058104517,
        0.02486927665770054,
        0.021753674164414406,
        0.0193244688808918,
        0.017378896459937097,
        0.015790922708809375,
        0.014467813208699226,
        0.013351384639739991,
        0.012390626445412636,
        0.011563202068209648,
        0.01084374912828207,
        0.010213113099336623
      ],
      "val_losses": [
        9.009907188415527,
        8.674054298400879,
        6.675162696838379,
        4.604663391113281,
        3.168913345336914,
        2.2078700160980222,
        1.5431603145599366,
        1.0747394323349,
        0.7504505944252015,
        0.5285421800613403,
        0.3805940890312195,
        0.28283032178878786,
        0.2179659414291382,
        0.17444802105426788,
        0.1434658858180046,
        0.12126656174659729,
        0.10463382124900818,
        0.092294642329216,
        0.08275075197219849,
        0.07481129363179206,
        0.06869894430041314,
        0.0638619863986969,
        0.05984968692064285,
        0.05661092519760132,
        0.05380947753787041,
        0.0514611804485321,
        0.049400209933519366,
        0.04759250566363335,
        0.04603044137358665,
        0.04462618142366409
      ],
      "epoch_times": [
        34.76241207122803,
        34.933876514434814,
        35.296114683151245,
        35.576205015182495,
        35.731982469558716,
        35.799288272857666,
        35.81054902076721,
        35.80881190299988,
        35.81042194366455,
        35.814929246902466,
        35.811123847961426,
        35.813326597213745,
        35.81425738334656,
        35.81475281715393,
        35.82965421676636,
        35.8312041759491,
        35.83756875991821,
        35.83471155166626,
        35.84080743789673,
        35.85739612579346,
        35.85454487800598,
        35.83025574684143,
        35.82696866989136,
        35.829299211502075,
        35.83889150619507,
        35.83931231498718,
        35.81955432891846,
        35.82512164115906,
        35.818475008010864,
        35.82811403274536
      ],
      "gradient_norms": [
        0.9285313612030398,
        0.8360719762502178,
        1.6710066112779802,
        1.1999954783147382,
        0.9198725415814307,
        0.7689282788384345,
        0.6588606536388397,
        0.5800919960583409,
        0.47187821374785516,
        0.369083067101817,
        0.2834356977574287,
        0.20640396182575532,
        0.14788814622067636,
        0.11712229107656787,
        0.08559512659426659,
        0.07021102892054666,
        0.05698164264040609,
        0.04664035147476581,
        0.039192157707387404,
        0.03296720065296658,
        0.02754703431480354,
        0.022853650332939242,
        0.020011702402224465,
        0.017850133139760263,
        0.01614786008553159,
        0.014924925256280168,
        0.013799316955790404,
        0.012816192131609686,
        0.011886966564962942,
        0.01119193718618443
      ],
      "token_accuracies": [
        0.028454011741682973,
        0.06597847358121331,
        0.22158512720156556,
        0.44535225048923677,
        0.6378669275929549,
        0.8390508806262231,
        0.9342270058708415,
        0.9716634050880626,
        0.9848727984344423,
        0.9917514677103718,
        0.9946966731898239,
        0.9965851272015656,
        0.9975146771037182,
        0.9983170254403131,
        0.998454011741683,
        0.9985518590998043,
        0.9985812133072407,
        0.9985812133072407,
        0.9985812133072407,
        0.9985812133072407,
        0.9985812133072407,
        0.9985812133072407,
        0.9985812133072407,
        0.9985812133072407,
        0.9985812133072407,
        0.9985812133072407,
        0.9985812133072407,
        0.9985812133072407,
        0.9985812133072407,
        0.9985812133072407
      ]
    }
  },
  "non_reversible_standard": {
    "enhanced_metrics": {
      "model_name": "non_reversible_standard",
      "perplexity": 1.0452649593353271,
      "loss": 0.04427042623322071,
      "token_accuracy": 0.9985812133072407,
      "bits_per_byte": 0.06386872438470818,
      "memory_peak_mb": 12345.7646484375,
      "memory_reserved_mb": 12608.0,
      "memory_efficiency_ratio": 2.3423806222947676,
      "throughput_tokens_per_sec": 28676.148647069702,
      "time_per_token_ms": 0.03487218637019396,
      "estimated_flops_per_token": 1723948032,
      "training_time_per_epoch": 20.797451011339824,
      "gradient_norm": 0.4553537707024765,
      "convergence_rate": 0.3089412660166621,
      "training_stability": 0.16236163998888967,
      "overfitting_gap": 0.03692846980690956,
      "epochs_to_converge": 30,
      "memory_scaling_slope": 0.2261592320033454,
      "attention_sparsity": null,
      "pruning_ratio": null,
      "reversible_layers_used": null
    },
    "baseline_perplexity": 32945.74609375,
    "improvement": 32944.700828790665,
    "memory_scaling_data": [
      {
        "seq_length": 128,
        "peak_memory_mb": 2510.6259765625,
        "memory_per_token": 19.61426544189453
      },
      {
        "seq_length": 256,
        "peak_memory_mb": 2545.3779296875,
        "memory_per_token": 9.942882537841797
      },
      {
        "seq_length": 512,
        "peak_memory_mb": 2598.6318359375,
        "memory_per_token": 5.07545280456543
      }
    ],