{
  "reversible_standard": {
    "enhanced_metrics": {
      "model_name": "reversible_standard",
      "perplexity": 876.5972900390625,
      "loss": 6.776047511390044,
      "token_accuracy": 0.12179549902152642,
      "bits_per_byte": 9.775770141510419,
      "memory_peak_mb": 7469.1865234375,
      "memory_reserved_mb": 9352.0,
      "memory_efficiency_ratio": 2.1159919883246223,
      "throughput_tokens_per_sec": 29826.317123179462,
      "time_per_token_ms": 0.033527438063174486,
      "estimated_flops_per_token": 1723948032,
      "training_time_per_epoch": 54.15189604759216,
      "gradient_norm": 2.370451252883481,
      "convergence_rate": 0.48039284210205063,
      "training_stability": 1.3894574294137148,
      "overfitting_gap": -0.2043899955749513,
      "epochs_to_converge": 5,
      "memory_scaling_slope": 0.23969159807477727,
      "attention_sparsity": null,
      "pruning_ratio": null,
      "reversible_layers_used": null
    },
    "baseline_perplexity": 32149.24609375,
    "improvement": 31272.648803710938,
    "memory_scaling_data": [
      {
        "seq_length": 128,
        "peak_memory_mb": 2260.4912109375,
        "memory_per_token": 17.66008758544922
      },
      {
        "seq_length": 256,
        "peak_memory_mb": 2297.2431640625,
        "memory_per_token": 8.97360610961914
      },
      {
        "seq_length": 512,
        "peak_memory_mb": 2353.7470703125,
        "memory_per_token": 4.597162246704102
      }
    ],
    "training_curves": {
      "train_losses": [
        9.368919227600097,
        8.632699096679687,
        8.078491054534911,
        7.451656478881836,
        6.966955017089844
      ],
      "val_losses": [
        8.999306640625,
        8.322076797485352,
        7.74170482635498,
        7.184711246490479,
        6.7625650215148925
      ],
      "epoch_times": [
        52.9870343208313,
        53.7005181312561,
        54.430190086364746,
        54.679391384124756,
        54.96234631538391
      ],
      "gradient_norms": [
        1.0659225309087383,
        5.584900166238508,
        2.4362610443945854,
        1.1670594542257247,
        1.5981130686498457
      ],
      "token_accuracies": [
        0.02834637964774951,
        0.028356164383561644,
        0.04634050880626223,
        0.08634050880626223,
        0.12198630136986302
      ]
    }
  },
  "non_reversible_standard": {
    "enhanced_metrics": {
      "model_name": "non_reversible_standard",
      "perplexity": 393.2675476074219,
      "loss": 5.974489980201199,
      "token_accuracy": 0.18725538160469668,
      "bits_per_byte": 8.619367066277071,
      "memory_peak_mb": 13211.3115234375,
      "memory_reserved_mb": 13498.0,
      "memory_efficiency_ratio": 3.1352656273109747,
      "throughput_tokens_per_sec": 28619.69267080406,
      "time_per_token_ms": 0.034940976183861494,
      "estimated_flops_per_token": 1723948032,
      "training_time_per_epoch": 20.80774130821228,
      "gradient_norm": 1.7133317009095221,
      "convergence_rate": 0.6359644737243654,
      "training_stability": 0.7775263062046451,
      "overfitting_gap": -0.20351154708862307,
      "epochs_to_converge": 5,
      "memory_scaling_slope": 0.21764918736049035,
      "attention_sparsity": null,
      "pruning_ratio": null,
      "reversible_layers_used": null
    },
    "baseline_perplexity": 31983.0703125,
    "improvement": 31589.802764892578,
    "memory_scaling_data": [
      {
        "seq_length": 128,
        "peak_memory_mb": 3384.6728515625,
        "memory_per_token": 26.44275665283203
      },
      {
        "seq_length": 256,
        "peak_memory_mb": 3418.4248046875,
        "memory_per_token": 13.353221893310547
      },
      {
        "seq_length": 512,
        "peak_memory_mb": 3469.4287109375,
        "memory_per_token": 6.776227951049805
      }
    ],
    "training_curves": {
      "train_losses": [
        9.346574157714844,
        8.3103928565979,
        7.43820834350586,
        6.708219470977784,
        6.166751789093017
      ],
      "val_losses": [
        8.811885261535645,
        7.824752197265625,
        7.0439614486694335,
        6.43247356414795,
        5.963240242004394
      ],
      "epoch_times": [
        20.840256214141846,
        20.78385877609253,
        20.795448780059814,
        20.809612035751343,
        20.80953073501587
      ],
      "gradient_norms": [
        1.2086835013281914,
        1.2665454187700826,
        1.893180981759102,
        1.9880078521467024,
        2.210240750543533
      ],
      "token_accuracies": [
        0.028356164383561644,
        0.06921722113502936,
        0.0901174168297456,
        0.1468003913894325,
        0.18826810176125244
      ]
    }
  }
}