{
  "reversible_standard": {
    "enhanced_metrics": {
      "model_name": "reversible_standard",
      "perplexity": 143.9708251953125,
      "loss": 4.969610512093322,
      "token_accuracy": 0.24283268101761252,
      "bits_per_byte": 7.169632440946699,
      "memory_peak_mb": 5714.3427734375,
      "memory_reserved_mb": 6946.0,
      "memory_efficiency_ratio": 2.792170763770593,
      "throughput_tokens_per_sec": 45381.24547372781,
      "time_per_token_ms": 0.022035534493625164,
      "estimated_flops_per_token": 1058589696,
      "training_time_per_epoch": 35.803505945205686,
      "gradient_norm": 5.473445880589305,
      "convergence_rate": 0.15458770650227868,
      "training_stability": 0.7110007853114758,
      "overfitting_gap": 0.2244247245788582,
      "epochs_to_converge": 30,
      "memory_scaling_slope": 0.22594996861049044,
      "attention_sparsity": null,
      "pruning_ratio": null,
      "reversible_layers_used": null
    },
    "baseline_perplexity": 32118.080078125,
    "improvement": 31974.109252929688,
    "memory_scaling_data": [
      {
        "seq_length": 128,
        "peak_memory_mb": 1825.9677734375,
        "memory_per_token": 14.265373229980469
      },
      {
        "seq_length": 256,
        "peak_memory_mb": 1859.8447265625,
        "memory_per_token": 7.265018463134766
      },
      {
        "seq_length": 512,
        "peak_memory_mb": 1913.7236328125,
        "memory_per_token": 3.737741470336914
      }
    ],
    "training_curves": {
      "train_losses": [
        9.382396018981934,
        8.96479811859131,
        8.438102600097656,
        7.883943771362305,
        7.432411178588867,
        7.13579033279419,
        6.925757122039795,
        6.809447757720947,
        6.656631385803222,
        6.566362098693848,
        6.4393346328735355,
        6.3408427391052244,
        6.248575176239013,
        6.167762260437012,
        6.085637878417969,
        6.0362269477844235,
        5.960675899505615,
        5.884056823730469,
        5.801725238800048,
        5.703731369018555,
        5.579391445159912,
        5.464008731842041,
        5.338631011962891,
        5.211695793151855,
        5.12200548171997,
        5.0651272201538085,
        4.963756191253662,
        4.885392311096191,
        4.810763103485107,
        4.744764823913574
      ],
      "val_losses": [
        9.000407218933105,
        8.79814136505127,
        8.245120544433593,
        7.624396228790284,
        7.256719818115235,
        7.066356430053711,
        6.867583122253418,
        6.788095016479492,
        6.644353275299072,
        6.564744873046875,
        6.521333045959473,
        6.376956176757813,
        6.296570148468017,
        6.268120212554932,
        6.1964473533630375,
        6.090132808685302,
        6.035783004760742,
        5.939604721069336,
        5.884644813537598,
        5.783974800109863,
        5.6812648010253906,
        5.595459270477295,
        5.444128837585449,
        5.3665440559387205,
        5.254262466430664,
        5.206581420898438,
        5.122994003295898,
        5.044444732666015,
        4.990747718811035,
        4.969189548492432
      ],
      "epoch_times": [
        35.08780264854431,
        35.270400047302246,
        35.591880798339844,
        35.73141360282898,
        35.801780462265015,
        35.83058547973633,
        35.84858274459839,
        35.8584361076355,
        35.863126039505005,
        35.86196565628052,
        35.862579584121704,
        35.85736155509949,
        35.85533308982849,
        35.860507011413574,
        35.85457897186279,
        35.858983516693115,
        35.86933708190918,
        35.862149715423584,
        35.85564136505127,
        35.86380696296692,
        35.86495089530945,
        35.87355279922485,
        35.8637580871582,
        35.85905694961548,
        35.85927891731262,
        35.868021726608276,
        35.89170789718628,
        35.894848346710205,
        35.89622497558594,
        35.8875253200531
      ],
      "gradient_norms": [
        1.0580395498583395,
        0.7617524357572678,
        2.0398649390666717,
        1.6224821344498666,
        2.0189917058713975,
        3.750880979722546,
        4.149736671678482,
        6.462377094453381,
        5.227492568954345,
        5.451309715547869,
        5.252674120087778,
        6.374513368452749,
        5.684386403329911,
        6.78389589248165,
        6.554480018154267,
        8.098446365325682,
        7.484694054049831,
        6.663228700237889,
        6.708183900002511,
        6.0728047124801146,
        6.517013149876749,
        7.0938645332090315,
        6.2930235824277325,
        6.623208972715562,
        6.609254256371529,
        7.660359424929465,
        7.084656657711152,
        6.212469139406758,
        5.666359086190501,
        6.222932284878146
      ],
      "token_accuracies": [
        0.02885518590998043,
        0.02885518590998043,
        0.02885518590998043,
        0.03045009784735812,
        0.04713307240704501,
        0.07852250489236791,
        0.08181017612524462,
        0.08383561643835616,
        0.0938747553816047,
        0.10176125244618395,
        0.10370841487279843,
        0.09906066536203523,
        0.12033268101761252,
        0.12718199608610567,
        0.12165362035225048,
        0.14797455968688844,
        0.15487279843444227,
        0.1683953033268102,
        0.15762230919765166,
        0.1836692759295499,
        0.190146771037182,
        0.18973581213307242,
        0.20425636007827788,
        0.20696673189823875,
        0.22028375733855185,
        0.21303326810176126,
        0.2288747553816047,
        0.23540117416829745,
        0.23813111545988258,
        0.24276908023483365
      ]
    }
  },
  "non_reversible_standard": {
    "enhanced_metrics": {
      "model_name": "non_reversible_standard",
      "perplexity": 1.752320647239685,
      "loss": 0.5609409877232143,
      "token_accuracy": 0.9631115459882583,
      "bits_per_byte": 0.8092667812196381,
      "memory_peak_mb": 12341.7587890625,
      "memory_reserved_mb": 12622.0,
      "memory_efficiency_ratio": 2.3442053455124103,
      "throughput_tokens_per_sec": 28653.774678209655,
      "time_per_token_ms": 0.03489941591396928,
      "estimated_flops_per_token": 1723948032,
      "training_time_per_epoch": 20.827998995780945,
      "gradient_norm": 2.3116483252856037,
      "convergence_rate": 0.29728852073351536,
      "training_stability": 0.16421502514792513,
      "overfitting_gap": 0.14523402214050296,
      "epochs_to_converge": 30,
      "memory_scaling_slope": 0.22894941057477505,
      "attention_sparsity": null,
      "pruning_ratio": null,
      "reversible_layers_used": null
    },
    "baseline_perplexity": 31985.052734375,
    "improvement": 31983.30041372776,
    "memory_scaling_data": [
      {
        "seq_length": 128,
        "peak_memory_mb": 2512.1259765625,
        "memory_per_token": 19.62598419189453
      },
      {
        "seq_length": 256,
        "peak_memory_mb": 2546.8779296875,
        "memory_per_token": 9.948741912841797
      },
      {
        "seq_length": 512,
        "peak_memory_mb": 2601.1318359375,
        "memory_per_token": 5.08033561706543
      }
    ],