{
  "reversible_standard": {
    "enhanced_metrics": {
      "model_name": "reversible_standard",
      "perplexity": 1.0484429597854614,
      "loss": 0.04730614701362505,
      "token_accuracy": 0.9980675146771038,
      "bits_per_byte": 0.06824834370012112,
      "memory_peak_mb": 7469.1865234375,
      "memory_reserved_mb": 9352.0,
      "memory_efficiency_ratio": 2.1159919883246223,
      "throughput_tokens_per_sec": 29987.919531221363,
      "time_per_token_ms": 0.03334676148369908,
      "estimated_flops_per_token": 1723948032,
      "training_time_per_epoch": 54.83226212660472,
      "gradient_norm": 0.2717756405848289,
      "convergence_rate": 0.30900146045175697,
      "training_stability": 0.14445531983615928,
      "overfitting_gap": 0.03752538422867656,
      "epochs_to_converge": 30,
      "memory_scaling_slope": 0.23969159807477727,
      "attention_sparsity": null,
      "pruning_ratio": null,
      "reversible_layers_used": null
    },
    "baseline_perplexity": 32949.55078125,
    "improvement": 32948.502338290215,
    "memory_scaling_data": [
      {
        "seq_length": 128,
        "peak_memory_mb": 2260.4912109375,
        "memory_per_token": 17.66008758544922
      },
      {
        "seq_length": 256,
        "peak_memory_mb": 2297.2431640625,
        "memory_per_token": 8.97360610961914
      },
      {
        "seq_length": 512,
        "peak_memory_mb": 2353.7470703125,
        "memory_per_token": 4.597162246704102
      }
    ],
    "training_curves": {
      "train_losses": [
        9.278198875427247,
        8.787856140136718,
        7.357336093902588,
        4.954959911346435,
        3.2858946590423583,
        2.2019215803146364,
        1.4577510690689086,
        0.9416294536590576,
        0.590558039188385,
        0.3667163534164429,
        0.22993288564682007,
        0.14863025093078613,
        0.10017391669750214,
        0.07092189472913742,
        0.052552998214960095,
        0.04067338916659355,
        0.032659360870718954,
        0.026898680612444877,
        0.022609949842095377,
        0.01939220617711544,
        0.01696780136227608,
        0.015129499897360801,
        0.013655389949679375,
        0.012450673997402191,
        0.011438366450369358,
        0.010581527590751648,
        0.009842257723212242,
        0.00920232716947794,
        0.008643592983484268,
        0.00815506187453866
      ],
      "val_losses": [
        9.008886795043946,
        8.352237930297852,
        6.06740873336792,
        4.0355336952209475,
        2.797991771697998,
        1.9518617248535157,
        1.3589752531051635,
        0.9379083180427551,
        0.6488435292243957,
        0.4523931932449341,
        0.32400351762771606,
        0.23954249262809754,
        0.1839178043603897,
        0.14738835871219635,
        0.12181351184844971,
        0.10411273568868637,
        0.09112712204456329,
        0.08113359794020653,
        0.07328961819410323,
        0.06737158671021462,
        0.06302044287323952,
        0.0595062093436718,
        0.05667825073003769,
        0.05431913569569588,
        0.052413320988416674,
        0.05069696888327599,
        0.049155311062932014,
        0.04787968344986439,
        0.04670339994132519,
        0.04568044610321522
      ],
      "epoch_times": [
        52.89565706253052,
        53.670429944992065,
        54.54883861541748,
        54.96687340736389,
        54.95950412750244,
        54.95870327949524,
        54.95777440071106,
        54.95762395858765,
        54.95803642272949,
        54.95616865158081,
        54.95754265785217,
        54.95824575424194,
        54.95759081840515,
        54.95943760871887,
        54.95783066749573,
        54.95789813995361,
        54.95432090759277,
        54.95361542701721,
        54.95700025558472,
        54.95339775085449,
        54.9573073387146,
        54.95653510093689,
        54.95753502845764,
        54.95604348182678,
        54.95854711532593,
        54.956461668014526,
        54.95684742927551,
        54.954445123672485,
        54.96035623550415,
        54.957295417785645
      ],
      "gradient_norms": [
        0.8934825726093785,
        1.490173325903954,
        1.5519870644615543,
        0.7499319036160746,
        0.5666402414921792,
        0.5095310557273126,
        0.4751792824076068,
        0.41419929121771165,
        0.33022357283100007,
        0.26103834351224287,
        0.19734230349140783,
        0.14478617425887816,
        0.11064915010525335,
        0.08451802812276347,
        0.0656199105564625,
        0.05301101866268342,
        0.04339022423711515,
        0.03631666624137471,
        0.029788327373323903,
        0.023681486265793923,
        0.01903209868337839,
        0.01631844527418575,
        0.014387965637950166,
        0.01297595595280009,
        0.011817906232130143,
        0.010889224813229615,
        0.010064265300189295,
        0.009342198515491139,
        0.00873105845323974,
        0.008220155588200977
      ],
      "token_accuracies": [
        0.027592954990215263,
        0.09824853228962818,
        0.2847651663405088,
        0.5052641878669276,
        0.6989138943248532,
        0.8510078277886497,
        0.9330430528375734,
        0.9670939334637965,
        0.981839530332681,
        0.9893737769080235,
        0.9931996086105676,
        0.9949315068493151,
        0.9967123287671232,
        0.9976027397260274,
        0.998013698630137,
        0.9980919765166341,
        0.9981506849315068,
        0.998160469667319,
        0.998160469667319,
        0.998160469667319,
        0.998160469667319,
        0.998160469667319,
        0.998160469667319,
        0.998160469667319,
        0.998160469667319,
        0.998160469667319,
        0.998160469667319,
        0.998160469667319,
        0.998160469667319,
        0.998160469667319
      ]
    }
  },
  "non_reversible_standard": {
    "enhanced_metrics": {
      "model_name": "non_reversible_standard",
      "perplexity": 1.0534430742263794,
      "loss": 0.05206388335405264,
      "token_accuracy": 0.9980675146771038,
      "bits_per_byte": 0.07511230632431319,
      "memory_peak_mb": 13212.5556640625,
      "memory_reserved_mb": 13480.0,
      "memory_efficiency_ratio": 3.1334409040933315,
      "throughput_tokens_per_sec": 28761.22740058467,
      "time_per_token_ms": 0.03476903075352311,
      "estimated_flops_per_token": 1723948032,
      "training_time_per_epoch": 20.809311215082804,
      "gradient_norm": 0.4451769622042775,
      "convergence_rate": 0.3092669553473592,
      "training_stability": 0.14219713263855796,
      "overfitting_gap": 0.04202839121222496,
      "epochs_to_converge": 30,
      "memory_scaling_slope": 0.21764918736049205,
      "attention_sparsity": null,
      "pruning_ratio": null,
      "reversible_layers_used": null
    },
    "baseline_perplexity": 32804.8203125,
    "improvement": 32803.76686942577,
    "memory_scaling_data": [
      {
        "seq_length": 128,
        "peak_memory_mb": 3382.6728515625,
        "memory_per_token": 26.42713165283203
      },
      {
        "seq_length": 256,
        "peak_memory_mb": 3416.4248046875,
        "memory_per_token": 13.345409393310547
      },
      {
        "seq_length": 512,
        "peak_memory_mb": 3467.4287109375,
        "memory_per_token": 6.772321701049805
      }
    ],