{
  "reversible_standard": {
    "enhanced_metrics": {
      "model_name": "reversible_standard",
      "perplexity": 1.0236802101135254,
      "loss": 0.023404219407661287,
      "token_accuracy": 0.9968627450980392,
      "bits_per_byte": 0.03376515127531017,
      "memory_peak_mb": 5987.7353515625,
      "memory_reserved_mb": 6954.0,
      "memory_efficiency_ratio": 2.1283486295735354,
      "throughput_tokens_per_sec": 28977.053615041466,
      "time_per_token_ms": 0.034510064870119095,
      "estimated_flops_per_token": 1527340032,
      "training_time_per_epoch": 1628.3108743190764,
      "gradient_norm": 0.15478946208760028,
      "convergence_rate": 0.042027345855855644,
      "training_stability": 152.37978493414087,
      "overfitting_gap": 0.012994704449810893,
      "epochs_to_converge": 5,
      "memory_scaling_slope": 0.19850158691406333,
      "attention_sparsity": null,
      "pruning_ratio": null,
      "reversible_layers_used": null
    },
    "baseline_perplexity": 16161.8486328125,
    "improvement": 16160.824952602386,
    "memory_scaling_data": [
      {
        "seq_length": 128,
        "peak_memory_mb": 2006.9912109375,
        "memory_per_token": 15.679618835449219
      },
      {
        "seq_length": 256,
        "peak_memory_mb": 2035.0556640625,
        "memory_per_token": 7.949436187744141
      },
      {
        "seq_length": 512,
        "peak_memory_mb": 2083.7470703125,
        "memory_per_token": 4.069818496704102
      }
    ],
    "training_curves": {
      "train_losses": [
        0.22077674318943924,
        0.02396414072023473,
        0.021651356673994124,
        0.018013827575939525,
        0.010640013910160992
      ],
      "val_losses": [
        0.023490594156707328,
        0.021868952802227188,
        0.02174918267216223,
        0.022498185804579407,
        0.023634718359971885
      ],
      "epoch_times": [
        1609.3786356449127,
        1602.275006532669,
        1629.075698852539,
        1637.2985401153564,
        1663.5264904499054
      ],
      "gradient_norms": [
        0.38408621768557777,
        0.10354299012193761,
        0.08385622247201237,
        0.09669297425413441,
        0.10576890590433922
      ],
      "token_accuracies": [
        0.9967801857585139,
        0.9967389060887513,
        0.9968214654282765,
        0.9969040247678018,
        0.9968214654282765
      ]
    }
  },
  "non_reversible_standard": {
    "enhanced_metrics": {
      "model_name": "non_reversible_standard",
      "perplexity": 1.0231413841247559,
      "loss": 0.022877658114713782,
      "token_accuracy": 0.9970588235294118,
      "bits_per_byte": 0.033005483909250725,
      "memory_peak_mb": 6981.6669921875,
      "memory_reserved_mb": 8002.0,
      "memory_efficiency_ratio": 3.145726606608056,
      "throughput_tokens_per_sec": 27834.091325029487,
      "time_per_token_ms": 0.03592716529965401,
      "estimated_flops_per_token": 1527340032,
      "training_time_per_epoch": 1642.3203686714173,
      "gradient_norm": 0.1637112858315605,
      "convergence_rate": 0.04063960969749176,
      "training_stability": 163.494622333714,
      "overfitting_gap": 0.014611048929088523,
      "epochs_to_converge": 5,
      "memory_scaling_slope": 0.17890058244977697,
      "attention_sparsity": null,
      "pruning_ratio": null,
      "reversible_layers_used": null
    },
    "baseline_perplexity": 16119.44140625,
    "improvement": 16118.418264865875,
    "memory_scaling_data": [
      {
        "seq_length": 128,
        "peak_memory_mb": 3001.7978515625,
        "memory_per_token": 23.45154571533203
      },
      {
        "seq_length": 256,
        "peak_memory_mb": 3026.2373046875,
        "memory_per_token": 11.821239471435547
      },
      {
        "seq_length": 512,
        "peak_memory_mb": 3070.8037109375,
        "memory_per_token": 5.997663497924805
      }
    ],
    "training_curves": {
      "train_losses": [
        0.2134861262873669,
        0.02395422960110557,
        0.02141570457239441,
        0.017573998333430374,
        0.010288077799908112
      ],
      "val_losses": [
        0.023375377136593063,
        0.02151824553341915,
        0.021454662918889273,
        0.02257048000077096,
        0.024899126728996634
      ],
      "epoch_times": [
        1605.5326867103577,
        1631.3457226753235,
        1759.0223579406738,
        1586.7415254116058,
        1628.9595506191254
      ],
      "gradient_norms": [
        0.4167555610903773,
        0.10642516916867088,
        0.09035197913004778,
        0.10024950975192744,
        0.10477421001677899
      ],
      "token_accuracies": [
        0.9965737874097007,
        0.9966976264189886,
        0.9967389060887513,
        0.9968214654282765,
        0.9966976264189886
      ]
    }
  }
}