{
  "reversible_standard": {
    "enhanced_metrics": {
      "model_name": "reversible_standard",
      "perplexity": 1.0282201766967773,
      "loss": 0.027829343197392484,
      "token_accuracy": 0.9966666666666667,
      "bits_per_byte": 0.04014925542207515,
      "memory_peak_mb": 5329.1787109375,
      "memory_reserved_mb": 5950.0,
      "memory_efficiency_ratio": 5.418622346245273,
      "throughput_tokens_per_sec": 43424.56399181448,
      "time_per_token_ms": 0.02302844077348709,
      "estimated_flops_per_token": 861981696,
      "training_time_per_epoch": 1398.3859312534332,
      "gradient_norm": 0.1365508058180383,
      "convergence_rate": 0.032235037069607106,
      "training_stability": 272.9215472562164,
      "overfitting_gap": 0.02894229782074932,
      "epochs_to_converge": 5,
      "memory_scaling_slope": 0.18566676548549013,
      "attention_sparsity": null,
      "pruning_ratio": null,
      "reversible_layers_used": null
    },
    "baseline_perplexity": 15914.271484375,
    "improvement": 15913.243264198303,
    "memory_scaling_data": [
      {
        "seq_length": 128,
        "peak_memory_mb": 2914.8291015625,
        "memory_per_token": 22.77210235595703
      },
      {
        "seq_length": 256,
        "peak_memory_mb": 2940.8935546875,
        "memory_per_token": 11.487865447998047
      },
      {
        "seq_length": 512,
        "peak_memory_mb": 2986.5849609375,
        "memory_per_token": 5.833173751831055
      }
    ],
    "training_curves": {
      "train_losses": [
        0.16236360505716269,
        0.02265931945932277,
        0.0177081404989967,
        0.007309993981059202,
        0.0011884197091271457
      ],
      "val_losses": [
        0.02316129659690584,
        0.021852460515219718,
        0.0231928536183356,
        0.02770962913443024,
        0.030130717529876467
      ],
      "epoch_times": [
        1600.6562449932098,
        1348.7719147205353,
        1348.2182929515839,
        1347.3801522254944,
        1346.9030513763428
      ],
      "gradient_norms": [
        0.2171043598134947,
        0.09778007674524487,
        0.14647091381704827,
        0.15506851182205242,
        0.06633016689235126
      ],
      "token_accuracies": [
        0.9965737874097007,
        0.9967801857585139,
        0.9967801857585139,
        0.996656346749226,
        0.9967801857585139
      ]
    }
  },
  "reversible_candidate": {
    "enhanced_metrics": {
      "model_name": "reversible_candidate",
      "perplexity": 341.35986328125,
      "loss": 5.832937298943015,
      "token_accuracy": 0.11980392156862744,
      "bits_per_byte": 8.415149715001352,
      "memory_peak_mb": 5895.083984375,
      "memory_reserved_mb": 6574.0,
      "memory_efficiency_ratio": 6.478619388224225,
      "throughput_tokens_per_sec": 30057.941907598593,
      "time_per_token_ms": 0.03326907753944397,
      "estimated_flops_per_token": 861981696,
      "training_time_per_epoch": 1536.9494716644288,
      "gradient_norm": 1.148581855717802,
      "convergence_rate": 0.06355976597888713,
      "training_stability": 81.004150772015,
      "overfitting_gap": 0.16820232595611628,
      "epochs_to_converge": 5,
      "memory_scaling_slope": 0.22509302411760346,
      "attention_sparsity": null,
      "pruning_ratio": null,
      "reversible_layers_used": null
    },
    "baseline_perplexity": 16084.2763671875,
    "improvement": 15742.91650390625,
    "memory_scaling_data": [
      {
        "seq_length": 128,
        "peak_memory_mb": 3481.3623046875,
        "memory_per_token": 27.198143005371094
      },
      {
        "seq_length": 256,
        "peak_memory_mb": 3506.8017578125,
        "memory_per_token": 13.698444366455078
      },
      {
        "seq_length": 512,
        "peak_memory_mb": 3567.12353515625,
        "memory_per_token": 6.967038154602051
      }
    ],
    "training_curves": {
      "train_losses": [
        6.072752695843659,
        5.924245479755859,
        5.854666925808055,
        5.800342545748122,
        5.754953865949223
      ],
      "val_losses": [
        5.971203237771988,
        5.937490423520406,
        5.926313946644465,
        5.925760676463445,
        5.923156191905339
      ],
      "epoch_times": [
        1534.8501303195953,
        1538.5510601997375,
        1537.0188436508179,
        1540.8744325637817,
        1533.452891588211
      ],
      "gradient_norms": [
        1.3037730504030565,
        1.1626593776869103,
        1.1013743072619262,
        1.0830060069670158,
        1.0920965362701012
      ],
      "token_accuracies": [
        0.11195046439628482,
        0.11306501547987616,
        0.1131062951496388,
        0.11079463364293085,
        0.11281733746130031
      ]
    }
  },
  "reversible_sparse": {
    "enhanced_metrics": {
      "model_name": "reversible_sparse",
      "perplexity": 90.83729553222656,
      "loss": 4.509069800283394,
      "token_accuracy": 0.26098039215686275,
      "bits_per_byte": 6.505212639891042,
      "memory_peak_mb": 7119.701171875,
      "memory_reserved_mb": 7602.0,
      "memory_efficiency_ratio": 5.690845679686472,
      "throughput_tokens_per_sec": 5654.099807798636,
      "time_per_token_ms": 0.17686281353235245,
      "estimated_flops_per_token": 1184084064,
      "training_time_per_epoch": 4443.1057851314545,
      "gradient_norm": 1.8747370955105211,
      "convergence_rate": 0.3097761902934765,
      "training_stability": 3.5952624214277358,
      "overfitting_gap": 0.9393088880573526,
      "epochs_to_converge": 5,
      "memory_scaling_slope": 0.5568632398332845,
      "attention_sparsity": null,
      "pruning_ratio": null,
      "reversible_layers_used": null
    },
    "baseline_perplexity": 15923.71484375,
    "improvement": 15832.877548217773,
    "memory_scaling_data": [
      {
        "seq_length": 128,
        "peak_memory_mb": 4086.51220703125,
        "memory_per_token": 31.92587661743164
      },
      {
        "seq_length": 256,
        "peak_memory_mb": 4160.10009765625,
        "memory_per_token": 16.250391006469727
      },
      {
        "seq_length": 512,
        "peak_memory_mb": 4300.8095703125,
        "memory_per_token": 8.400018692016602
      }
    ],
    "training_curves": {
      "train_losses": [
        5.473045553290592,
        4.928524303831626,
        4.633517970849453,
        4.3201463634216,
        3.9241646018232093
      ],
      "val_losses": [
        5.084689617156982,
        4.8559364179770155,
        4.7704263379176455,
        4.77074318130811,
        4.863473489880562
      ],
      "epoch_times": [
        4460.844693183899,
        4431.673110246658,
        4434.984773397446,
        4423.861276626587,
        4464.1650722026825
      ],
      "gradient_norms": [
        1.5697731597224156,
        1.5985676146160952,
        1.7317746175979944,
        2.0035237576476774,
        2.470046327968424
      ],
      "token_accuracies": [
        0.16780185758513932,
        0.18509803921568627,
        0.19442724458204336,
        0.19690402476780186,
        0.19558307533539732
      ]
    }
  },
  "non_reversible_standard": {
    "enhanced_metrics": {
      "model_name": "non_reversible_standard",
      "perplexity": 1.023979663848877,
      "loss": 0.023696615836199593,
      "token_accuracy": 0.9964705882352941,
      "bits_per_byte": 0.03418699015273603,
      "memory_peak_mb": 8776.5859375,
      "memory_reserved_mb": 9786.0,
      "memory_efficiency_ratio": 5.003413243868933,
      "throughput_tokens_per_sec": 28622.42959961614,
      "time_per_token_ms": 0.03493763506412506,
      "estimated_flops_per_token": 1527340032,
      "training_time_per_epoch": 1584.707141828537,
      "gradient_norm": 0.15884957199296706,
      "convergence_rate": 0.04092295504806613,
      "training_stability": 161.66884248314832,
      "overfitting_gap": 0.01601537651538275,
      "epochs_to_converge": 5,
      "memory_scaling_slope": 0.18224879673549219,