{
  "reversible_standard": {
    "enhanced_metrics": {
      "model_name": "reversible_standard",
      "perplexity": 1816.2625732421875,
      "loss": 7.504536142367906,
      "token_accuracy": 0.046232876712328765,
      "bits_per_byte": 10.826757076766171,
      "memory_peak_mb": 5714.3427734375,
      "memory_reserved_mb": 6946.0,
      "memory_efficiency_ratio": 2.792170763770593,
      "throughput_tokens_per_sec": 45388.46316875178,
      "time_per_token_ms": 0.022032030392438173,
      "estimated_flops_per_token": 1058589696,
      "training_time_per_epoch": 35.49868998527527,
      "gradient_norm": 1.4343866811644645,
      "convergence_rate": 0.3509892364501955,
      "training_stability": 2.543923426110941,
      "overfitting_gap": -0.14360217285156285,
      "epochs_to_converge": 5,
      "memory_scaling_slope": 0.22594996861049044,
      "attention_sparsity": null,
      "pruning_ratio": null,
      "reversible_layers_used": null
    },
    "baseline_perplexity": 32065.009765625,
    "improvement": 30248.747192382812,
    "memory_scaling_data": [
      {
        "seq_length": 128,
        "peak_memory_mb": 1825.9677734375,
        "memory_per_token": 14.265373229980469
      },
      {
        "seq_length": 256,
        "peak_memory_mb": 1859.8447265625,
        "memory_per_token": 7.265018463134766
      },
      {
        "seq_length": 512,
        "peak_memory_mb": 1913.7236328125,
        "memory_per_token": 3.737741470336914
      }
    ],
    "training_curves": {
      "train_losses": [
        9.382609329223634,
        8.97794719696045,
        8.536505363464356,
        8.056110580444336,
        7.627663146972656
      ],
      "val_losses": [
        9.002317237854005,
        8.962919120788575,
        8.300792007446288,
        7.860795783996582,
        7.4840609741210935
      ],
      "epoch_times": [
        35.07638669013977,
        35.2568244934082,
        35.592368841171265,
        35.75417423248291,
        35.813695669174194
      ],
      "gradient_norms": [
        1.047992122269446,
        0.39795935682712064,
        2.381922416148647,
        1.581040874604256,
        1.7630186359728537
      ],
      "token_accuracies": [
        0.028209393346379646,
        0.028209393346379646,
        0.028268101761252447,
        0.030557729941291585,
        0.04673189823874755
      ]
    }
  },
  "non_reversible_standard": {
    "enhanced_metrics": {
      "model_name": "non_reversible_standard",
      "perplexity": 265.18499755859375,
      "loss": 5.5804277095309445,
      "token_accuracy": 0.2563356164383562,
      "bits_per_byte": 8.05085538257965,
      "memory_peak_mb": 12341.2587890625,
      "memory_reserved_mb": 13132.0,
      "memory_efficiency_ratio": 2.344661526316821,
      "throughput_tokens_per_sec": 28682.5736244531,
      "time_per_token_ms": 0.03486437490209937,
      "estimated_flops_per_token": 1723948032,
      "training_time_per_epoch": 20.832609128952026,
      "gradient_norm": 1.5015483061152117,
      "convergence_rate": 0.7200827484130858,
      "training_stability": 0.5984966594937668,
      "overfitting_gap": -0.1965750083923341,
      "epochs_to_converge": 5,
      "memory_scaling_slope": 0.22685677664620588,
      "attention_sparsity": null,
      "pruning_ratio": null,
      "reversible_layers_used": null
    },
    "baseline_perplexity": 32148.724609375,
    "improvement": 31883.539611816406,
    "memory_scaling_data": [
      {
        "seq_length": 128,
        "peak_memory_mb": 2512.6259765625,
        "memory_per_token": 19.62989044189453
      },
      {
        "seq_length": 256,
        "peak_memory_mb": 2547.3779296875,
        "memory_per_token": 9.950695037841797
      },
      {
        "seq_length": 512,
        "peak_memory_mb": 2600.8818359375,
        "memory_per_token": 5.07984733581543
      }
    ],
    "training_curves": {
      "train_losses": [
        9.352668510437011,
        8.22139612197876,
        7.142981006622314,
        6.355155715942383,
        5.752254768371582
      ],
      "val_losses": [
        8.862413444519042,
        7.591156730651855,
        6.7340020751953125,
        6.0230394554138185,
        5.555679759979248
      ],
      "epoch_times": [
        20.815295696258545,
        20.824326038360596,
        20.83131742477417,
        20.844929456710815,
        20.847177028656006
      ],
      "gradient_norms": [
        1.135445162653923,
        1.0876719730515634,
        1.6354801895156983,
        1.5722336346103298,
        2.076910570744545
      ],
      "token_accuracies": [
        0.044765166340508804,
        0.07829745596868884,
        0.15128180039138944,
        0.21851272015655576,
        0.26078277886497064
      ]
    }
  }
}