{
  "reversible_standard": {
    "enhanced_metrics": {
      "model_name": "reversible_standard",
      "perplexity": 1.048026204109192,
      "loss": 0.0469086402549669,
      "token_accuracy": 0.9983365949119374,
      "bits_per_byte": 0.06767486267068515,
      "memory_peak_mb": 7469.1865234375,
      "memory_reserved_mb": 9352.0,
      "memory_efficiency_ratio": 2.1159919883246223,
      "throughput_tokens_per_sec": 30011.021332792967,
      "time_per_token_ms": 0.033321091905236244,
      "estimated_flops_per_token": 1723948032,
      "training_time_per_epoch": 54.781114824612935,
      "gradient_norm": 0.3155734480689129,
      "convergence_rate": 0.3090889515648286,
      "training_stability": 0.1416125252285296,
      "overfitting_gap": 0.037309132009744644,
      "epochs_to_converge": 30,
      "memory_scaling_slope": 0.23969159807477727,
      "attention_sparsity": null,
      "pruning_ratio": null,
      "reversible_layers_used": null
    },
    "baseline_perplexity": 32778.26953125,
    "improvement": 32777.22150504589,
    "memory_scaling_data": [
      {
        "seq_length": 128,
        "peak_memory_mb": 2260.4912109375,
        "memory_per_token": 17.66008758544922
      },
      {
        "seq_length": 256,
        "peak_memory_mb": 2297.2431640625,
        "memory_per_token": 8.97360610961914
      },
      {
        "seq_length": 512,
        "peak_memory_mb": 2353.7470703125,
        "memory_per_token": 4.597162246704102
      }
    ],
    "training_curves": {
      "train_losses": [
        9.281368171691895,
        8.874955261230468,
        7.492855823516845,
        5.083520866394043,
        3.466438772201538,
        2.4150313148498537,
        1.6622613754272462,
        1.1172912592887878,
        0.7293283987045288,
        0.46664648699760436,
        0.2958784464597702,
        0.19104050803184508,
        0.1270847687125206,
        0.08835805171728134,
        0.06411788359284401,
        0.04854367327690125,
        0.038198685228824615,
        0.03101256109774113,
        0.02578394131362438,
        0.02182045091688633,
        0.0188616588562727,
        0.01663306324183941,
        0.01490819664299488,
        0.013525904551148415,
        0.012368354432284833,
        0.011400290228426457,
        0.010573672004044056,
        0.00986285249888897,
        0.009242487005889416,
        0.008699624747037888
      ],
      "val_losses": [
        9.009695587158204,
        8.505924797058105,
        6.2069783020019536,
        4.186572208404541,
        2.984472017288208,
        2.1485260677337648,
        1.5367516422271728,
        1.093095941543579,
        0.7706810045242309,
        0.5423201012611389,
        0.3867310333251953,
        0.2838490629196167,
        0.21497602105140687,
        0.16819771230220795,
        0.1367453071475029,
        0.11502815037965775,
        0.09918695032596588,
        0.0871845281124115,
        0.07821515098214149,
        0.0712733419239521,
        0.06574579924345017,
        0.06173462137579918,
        0.058521270602941516,
        0.0557152833044529,
        0.053494639694690704,
        0.05161081790924072,
        0.04992307990789414,
        0.04844098165631294,
        0.04715522021055221,
        0.04600875675678253
      ],
      "epoch_times": [
        52.96150755882263,
        53.65815806388855,
        54.508148431777954,
        54.74409222602844,
        54.82875204086304,
        54.84397077560425,
        54.81431746482849,
        54.8416109085083,
        54.832459688186646,
        54.80767560005188,
        54.82327318191528,
        54.77635359764099,
        54.79864287376404,
        54.94915843009949,
        54.950623750686646,
        54.950700998306274,
        54.953229665756226,
        54.950310468673706,
        54.95428013801575,
        54.95314908027649,
        54.95515251159668,
        54.955682039260864,
        54.95199155807495,
        54.951518535614014,
        54.95439100265503,
        54.95402646064758,
        54.9540696144104,
        54.95208430290222,
        54.952340841293335,
        54.951772928237915
      ],
      "gradient_norms": [
        0.9093202025659622,
        2.3024180396910636,
        1.5727289751652749,
        0.7085092798356087,
        0.5758573701304774,
        0.552172722355012,
        0.5081505544724003,
        0.48215028259062,
        0.40115579674320834,
        0.31648307654165453,
        0.24163137784888666,
        0.1964479281056312,
        0.14039070639879472,
        0.10600230494333852,
        0.08390162777035468,
        0.06526435202648563,
        0.05362395713886907,
        0.04414589210383354,
        0.03672231550538732,
        0.029696169068976756,
        0.023227289889849,
        0.019286902651431098,
        0.01653398336061547,
        0.014885300695295296,
        0.013472953075242619,
        0.012285194615082394,
        0.011255132289783608,
        0.010490715308415314,
        0.009800791650289489,
        0.009192247529544176
      ],
      "token_accuracies": [
        0.028542074363992174,
        0.07660469667318982,
        0.25870841487279844,
        0.4645792563600783,
        0.62779843444227,
        0.7742563600782779,
        0.88,
        0.9320450097847358,
        0.9635909980430528,
        0.9812622309197652,
        0.9881898238747554,
        0.9920156555772994,
        0.9942759295499022,
        0.9960665362035225,
        0.99720156555773,
        0.9979941291585127,
        0.9983561643835617,
        0.9985225048923679,
        0.9985127201565558,
        0.9985322896281801,
        0.9985322896281801,
        0.9985322896281801,
        0.9985322896281801,
        0.9985322896281801,
        0.9985322896281801,
        0.9985322896281801,
        0.9985322896281801,
        0.9985322896281801,
        0.9985322896281801,
        0.9985322896281801
      ]
    }
  },
  "non_reversible_standard": {
    "enhanced_metrics": {
      "model_name": "non_reversible_standard",
      "perplexity": 1.0464359521865845,
      "loss": 0.045390041000455794,
      "token_accuracy": 0.9983365949119374,
      "bits_per_byte": 0.06548398705710431,
      "memory_peak_mb": 13212.5556640625,
      "memory_reserved_mb": 13480.0,
      "memory_efficiency_ratio": 3.1334409040933315,
      "throughput_tokens_per_sec": 28652.780665129834,
      "time_per_token_ms": 0.03490062663331628,
      "estimated_flops_per_token": 1723948032,
      "training_time_per_epoch": 20.817183788617452,
      "gradient_norm": 0.44067566195522906,
      "convergence_rate": 0.30883515320643784,
      "training_stability": 0.15757278986529308,
      "overfitting_gap": 0.03668956307321787,
      "epochs_to_converge": 30,
      "memory_scaling_slope": 0.21764918736049205,
      "attention_sparsity": null,
      "pruning_ratio": null,
      "reversible_layers_used": null
    },
    "baseline_perplexity": 32412.76953125,
    "improvement": 32411.723095297813,
    "memory_scaling_data": [
      {
        "seq_length": 128,
        "peak_memory_mb": 3382.6728515625,
        "memory_per_token": 26.42713165283203
      },
      {
        "seq_length": 256,
        "peak_memory_mb": 3416.4248046875,
        "memory_per_token": 13.345409393310547
      },
      {
        "seq_length": 512,
        "peak_memory_mb": 3467.4287109375,
        "memory_per_token": 6.772321701049805
      }
    ],