{
  "reversible_standard": {
    "metrics": {
      "model_name": "reversible_standard",
      "perplexity": Infinity,
      "loss": Infinity,
      "accuracy": 0.0,
      "memory_peak_mb": 4839.5283203125,
      "memory_reserved_mb": 5530.0,
      "training_time_per_epoch": 24.509976863861084,
      "inference_time_per_token": 0.0,
      "gradient_norm": 0.6961547189450763,
      "attention_sparsity": null,
      "pruning_ratio": null,
      "reversible_layers_used": null
    },
    "baseline_perplexity": Infinity,
    "improvement": NaN,
    "training_curves": {
      "train_losses": [
        5.723263712196084,
        2.80811819329962,
        1.3014578335768694,
        0.5907644554451629,
        0.2911448364074414,
        0.15438345845762666,
        0.08825614826975169,
        0.05389706626326054,
        0.035368528581790994,
        0.0245527156687283,
        0.017893961708914566
      ],
      "val_losses": [
        0.0,
        0.0,
        0.0,
        0.0,
        0.0,
        0.0,
        0.0,
        0.0,
        0.0,
        0.0,
        0.0
      ],
      "epoch_times": [
        24.22954487800598,
        24.22045373916626,
        24.30355453491211,
        24.40024733543396,
        24.49323081970215,
        24.580718755722046,
        24.622234344482422,
        24.666314363479614,
        24.66503095626831,
        24.703607082366943,
        24.72480869293213
      ],
      "gradient_norms": [
        2.7954243296509858,
        1.587538003504693,
        0.9859615435133448,
        0.6747114020627696,
        0.4992635562703326,
        0.3575467782003896,
        0.25822141438305796,
        0.18472305695702146,
        0.1366451469386791,
        0.10179740805309136,
        0.07586926886147552
      ]
    }
  },
  "reversible_candidate": {
    "metrics": {
      "model_name": "reversible_candidate",
      "perplexity": Infinity,
      "loss": Infinity,
      "accuracy": 0.0,
      "memory_peak_mb": 4875.9580078125,
      "memory_reserved_mb": 5818.0,
      "training_time_per_epoch": 36.29683032902804,
      "inference_time_per_token": 0.0,
      "gradient_norm": 1.2080598515609386,
      "attention_sparsity": null,
      "pruning_ratio": null,
      "reversible_layers_used": null
    },
    "baseline_perplexity": Infinity,
    "improvement": NaN,
    "training_curves": {
      "train_losses": [
        6.399908285874587,
        5.841577536576278,
        5.725845843761951,
        5.63698916335206,
        5.5649407293413065,
        5.507824000778732,
        5.451771062570852,
        5.403389814016703,
        5.357757358284263,
        5.316271698558247,
        5.27698587871098
      ],
      "val_losses": [
        0.0,
        0.0,
        0.0,
        0.0,
        0.0,
        0.0,
        0.0,
        0.0,
        0.0,
        0.0,
        0.0
      ],
      "epoch_times": [
        36.36247634887695,
        36.31297850608826,
        36.29706835746765,
        36.28433895111084,
        36.2831494808197,
        36.28461456298828,
        36.2869176864624,
        36.285160541534424,
        36.27963066101074,
        36.29527044296265,
        36.29352807998657
      ],
      "gradient_norms": [
        2.092805423519828,
        1.2135345439810854,
        1.1468000712094608,
        1.118739817525957,
        1.108417173365613,
        1.1021703606718904,
        1.0879074776922906,
        1.0980164700454764,
        1.0987487539544807,
        1.1023868518275814,
        1.119131423376657
      ]
    }
  },
  "reversible_sparse": {
    "metrics": {
      "model_name": "reversible_sparse",
      "perplexity": Infinity,
      "loss": Infinity,
      "accuracy": 0.0,
      "memory_peak_mb": 11866.03955078125,
      "memory_reserved_mb": 14904.0,
      "training_time_per_epoch": 87.93367101929404,
      "inference_time_per_token": 0.0,
      "gradient_norm": 1.4404382536309734,
      "attention_sparsity": null,
      "pruning_ratio": null,
      "reversible_layers_used": null
    },
    "baseline_perplexity": Infinity,
    "improvement": NaN,
    "training_curves": {
      "train_losses": [
        6.428199301232825,
        5.859927837665264,
        5.698570144760025,
        5.563723237364442,
        5.441781187390948,
        5.332600560221639,
        5.229044967598015,
        5.125376994793232,
        5.018776926960978,
        4.911599139233569,
        4.797269441031076
      ],
      "val_losses": [
        0.0,
        0.0,
        0.0,
        0.0,
        0.0,
        0.0,
        0.0,
        0.0,
        0.0,
        0.0,
        0.0
      ],
      "epoch_times": [
        87.99575519561768,
        88.09047365188599,
        87.96617269515991,
        87.97477459907532,
        87.9527587890625,
        87.98703050613403,
        87.88298845291138,
        87.84719586372375,
        87.84662652015686,
        87.85473561286926,
        87.87186932563782
      ],
      "gradient_norms": [
        2.2535668669880686,
        1.1658753356733522,
        1.1042893774859555,
        1.168482695009325,
        1.1669362591696786,
        1.259109397034545,
        1.2859836208236801,
        1.3935028289581513,
        1.5162025439989317,
        1.6819406347674923,
        1.848931230031527
      ]
    }
  },
  "non_reversible_standard": {
    "metrics": {
      "model_name": "non_reversible_standard",
      "perplexity": Infinity,
      "loss": Infinity,
      "accuracy": 0.0,
      "memory_peak_mb": 8000.21044921875,
      "memory_reserved_mb": 14904.0,
      "training_time_per_epoch": 16.663445190949872,
      "inference_time_per_token": 0.0,
      "gradient_norm": 0.8174315869988186,
      "attention_sparsity": null,
      "pruning_ratio": null,
      "reversible_layers_used": null
    },
    "baseline_perplexity": Infinity,
    "improvement": NaN,
    "training_curves": {
      "train_losses": [
        5.3284040614441555,
        2.352958367421077,
        1.321584697369929,
        0.8140558662948075,
        0.5216116544666823,
        0.3397794912953477,
        0.22758589257727135,
        0.15319243599693258,
        0.10589421725460699,
        0.07401709657136377,
        0.052970545496661345
      ],
      "val_losses": [
        0.0,
        0.0,
        0.0,
        0.0,
        0.0,
        0.0,
        0.0,
        0.0,
        0.0,
        0.0,
        0.0
      ],
      "epoch_times": [
        16.66215968132019,
        16.667783975601196,
        16.668205976486206,
        16.667251110076904,
        16.66420030593872,
        16.66397190093994,
        16.661365747451782,
        16.65997838973999,
        16.6642746925354,
        16.66138529777527,
        16.657320022583008
      ],
      "gradient_norms": [
        2.881927222638697,
        1.1845780219231452,
        0.963058557960537,
        0.8022429713836083,
        0.7124657174507221,
        0.5946074249027492,
        0.5183809364175463,
        0.5107193324532542,
        0.3451615325012407,
        0.2669750635440533,
        0.21163067581145079
      ]
    }
  }
}