{
  "reversible_standard": {
    "metrics": {
      "model_name": "reversible_standard",
      "perplexity": 1.0472995042800903,
      "loss": 0.046214958086405716,
      "accuracy": 0.0,
      "memory_peak_mb": 3778.25,
      "memory_reserved_mb": 4198.0,
      "training_time_per_epoch": 415.7523689866066,
      "inference_time_per_token": 0.0,
      "gradient_norm": Infinity,
      "attention_sparsity": null,
      "pruning_ratio": null,
      "reversible_layers_used": null
    },
    "baseline_perplexity": 50640.80078125,
    "improvement": 50639.75348174572,
    "training_curves": {
      "train_losses": [
        1.262752143138864,
        0.01144614950830403,
        0.8588483314730624,
        0.0002053300088544433,
        0.1321815119868236,
        3.1235754882932823e-05,
        6.7258027126424446e-06,
        0.0062222358875855125,
        1.4861930008672108e-06,
        4.209795806408005e-07,
        1.585012433308485e-07,
        8.072868003586267e-08
      ],
      "val_losses": [
        0.1005882291053567,
        0.052755970695068606,
        0.05689663168990679,
        0.05320766845884208,
        0.049570424963770725,
        0.05127388280423497,
        0.0481710768009031,
        0.048331486637451675,
        0.04715833609900696,
        0.04832505015912425,
        0.04930894594618356,
        0.05268398491340285
      ],
      "epoch_times": [
        415.4335515499115,
        415.8371036052704,
        415.6033594608307,
        415.35406279563904,
        415.5539572238922,
        415.8844690322876,
        416.31897163391113,
        416.13746666908264,
        416.7811622619629,
        415.2835602760315,
        415.69524359703064,
        415.14551973342896
      ],
      "gradient_norms": [
        0.5567688996199622,
        0.055516496371992366,
        Infinity,
        0.00673402763884881,
        Infinity,
        0.0005292047105899217,
        9.853410922309238e-05,
        Infinity,
        1.709447163176991e-05,
        4.2368901417577605e-06,
        1.7939465630186092e-06,
        1.1779341836258928e-06
      ]
    }
  },
  "reversible_candidate": {
    "metrics": {
      "model_name": "reversible_candidate",
      "perplexity": 1295.3094482421875,
      "loss": 7.166504766236546,
      "accuracy": 0.0,
      "memory_peak_mb": 3778.81640625,
      "memory_reserved_mb": 4198.0,
      "training_time_per_epoch": 611.9233318567276,
      "inference_time_per_token": 0.0,
      "gradient_norm": Infinity,
      "attention_sparsity": null,
      "pruning_ratio": null,
      "reversible_layers_used": null
    },
    "baseline_perplexity": 50282.99609375,
    "improvement": 48987.68664550781,
    "training_curves": {
      "train_losses": [
        6.867438755096664,
        6.328207848975694,
        6.008093143173152,
        5.779800038980978
      ],
      "val_losses": [
        6.937589399532072,
        6.992843794475722,
        7.098891862960467,
        7.209714490014154
      ],
      "epoch_times": [
        611.3603506088257,
        612.5854301452637,
        611.9023704528809,
        611.8451762199402
      ],
      "gradient_norms": [
        1.0422830574007054,
        Infinity,
        Infinity,
        Infinity
      ]
    }
  },
  "reversible_sparse": {
    "metrics": {
      "model_name": "reversible_sparse",
      "perplexity": 4010.87744140625,
      "loss": 8.296765590600538,
      "accuracy": 0.0,
      "memory_peak_mb": 11998.1826171875,
      "memory_reserved_mb": 13038.0,
      "training_time_per_epoch": 1314.0330253839493,
      "inference_time_per_token": 0.0,
      "gradient_norm": Infinity,
      "attention_sparsity": null,
      "pruning_ratio": null,
      "reversible_layers_used": null
    },
    "baseline_perplexity": 50402.59375,
    "improvement": 46391.71630859375,
    "training_curves": {
      "train_losses": [
        6.538698279423683,
        5.4906701799633675,
        4.596427129014401,
        3.627065383392432
      ],
      "val_losses": [
        6.4766860672441195,
        6.6078631694500265,
        7.226776523550434,
        8.14614226466157
      ],
      "epoch_times": [
        1311.6438817977905,
        1314.2460656166077,
        1314.81316781044,
        1315.4289863109589
      ],
      "gradient_norms": [
        1.5172463715969877,
        Infinity,
        Infinity,
        Infinity
      ]
    }
  },
  "non_reversible_standard": {
    "metrics": {
      "model_name": "non_reversible_standard",
      "perplexity": 1.0593371391296387,
      "loss": 0.05764332676120467,
      "accuracy": 0.0,
      "memory_peak_mb": 5518.861328125,
      "memory_reserved_mb": 13038.0,
      "training_time_per_epoch": 294.2228610082106,
      "inference_time_per_token": 0.0,
      "gradient_norm": NaN,
      "attention_sparsity": null,
      "pruning_ratio": null,
      "reversible_layers_used": null
    },
    "baseline_perplexity": 49786.12890625,
    "improvement": 49785.06956911087,
    "training_curves": {
      "train_losses": [
        1.476754918743954,
        0.04474098998071063,
        0.00564027246174509,
        0.0007425473304075908,
        0.0005486988772086478,
        0.0005351114204688583,
        0.00017982547841549848,
        2.38546207189437e-06,
        5.207097406317898e-07,
        1.5867547110804561e-07,
        8.054417403166895e-08
      ],
      "val_losses": [
        0.2087170609007754,
        0.08366766814679767,
        0.0709061572058228,
        0.06637911755624637,
        0.064224086670482,
        0.0665753116053435,
        0.06336586293971365,
        0.06319359360737839,
        0.06353595351464128,
        0.06406355349492397,
        0.06453253851361371
      ],
      "epoch_times": [
        295.2147059440613,
        297.62096977233887,
        293.68741273880005,
        298.21105551719666,
        293.28637170791626,
        293.01598477363586,
        293.33072566986084,
        292.8102958202362,
        292.8543574810028,
        293.33962321281433,
        293.0799684524536
      ],
      "gradient_norms": [
        0.8282056892581874,
        0.18175279691484328,
        Infinity,
        Infinity,
        Infinity,
        NaN,
        NaN,
        3.0384667445778997e-05,
        5.436784480493761e-06,
        NaN,
        NaN
      ]
    }
  }
}