{
  "task_specific": {
    "sst2": {},
    "cola": {},
    "mrpc": {}
  },
  "glue_plus": {
    "reversible_qwen3": {
      "sst2": {
        "score": 0.5091743119266054,
        "inference_time": 9.534770469053075,
        "num_samples": 872,
        "difficulty": "easy"
      },
      "cola": {
        "score": 0.0,
        "inference_time": 9.408567428588867,
        "num_samples": 1000,
        "difficulty": "medium"
      },
      "mrpc": {
        "score": 0.8122270742358079,
        "inference_time": 9.456791129766726,
        "num_samples": 408,
        "difficulty": "medium"
      },
      "_summary": {
        "overall_score": 0.6607006930812067,
        "weighted_score": 0.8637574616401587,
        "tasks_completed": 2,
        "total_tasks": 3
      }
    },
    "standard_qwen3": {
      "sst2": {
        "score": 0.4908256880733945,
        "inference_time": 9.432638183646246,
        "num_samples": 872,
        "difficulty": "easy"
      },
      "cola": {
        "score": 0.0,
        "inference_time": 9.37747049331665,
        "num_samples": 1000,
        "difficulty": "medium"
      },
      "mrpc": {
        "score": 0.0,
        "inference_time": 9.439145233116898,
        "num_samples": 408,
        "difficulty": "medium"
      },
      "_summary": {
        "overall_score": 0.4908256880733945,
        "weighted_score": 0.4908256880733945,
        "tasks_completed": 1,
        "total_tasks": 3
      }
    }
  },
  "memory": {
    "reversible_qwen3": {
      "phase_1": {
        "copy_task": {
          "perplexity": 35444.2305593168,
          "token_accuracy": 0.0,
          "sequence_accuracy": 0.0,
          "avg_memory_mb": 1392.595380859375,
          "sequence_length": 1024,
          "memory_span": 512,
          "difficulty": "medium",
          "samples_evaluated": 50,
          "avg_loss": 10.475715770035913
        },
        "associative_recall": {
          "perplexity": 44428.43932441203,
          "token_accuracy": 0.0,
          "sequence_accuracy": 0.0,
          "avg_memory_mb": 1696.580947265625,
          "sequence_length": 2048,
          "memory_span": 1000,
          "difficulty": "hard",
          "samples_evaluated": 50,
          "avg_loss": 10.70163506869612
        }
      },
      "phase_1_summary": {
        "avg_perplexity": 39936.334941864414,
        "avg_token_accuracy": 0.0,
        "avg_sequence_accuracy": 0.0,
        "avg_memory_mb": 1544.5881640624998,
        "tasks_completed": 2
      },
      "phase_2": {
        "needle_in_haystack": {
          "perplexity": 35405.89184816348,
          "token_accuracy": 2.500625156289072e-05,
          "sequence_accuracy": 2.5006251562890728e-05,
          "avg_memory_mb": 2776.180888671875,
          "sequence_length": 4096,
          "memory_span": 2000,
          "difficulty": "extreme",
          "samples_evaluated": 50,
          "avg_loss": 10.474633521661666
        },
        "long_arithmetic": {
          "perplexity": 33453.62972445621,
          "token_accuracy": 0.0,
          "sequence_accuracy": 0.0,
          "avg_memory_mb": 1392.595380859375,
          "sequence_length": 1024,
          "memory_span": 800,
          "difficulty": "hard",
          "samples_evaluated": 50,
          "avg_loss": 10.41791557161127
        }
      },
      "phase_2_summary": {
        "avg_perplexity": 34429.760786309846,
        "avg_token_accuracy": 1.250312578144536e-05,
        "avg_sequence_accuracy": 1.2503125781445364e-05,
        "avg_memory_mb": 2084.388134765625,
        "tasks_completed": 2
      },
      "phase_3": {
        "variable_binding": {
          "perplexity": 36030.71381955167,
          "token_accuracy": 0.0,
          "sequence_accuracy": 0.0,
          "avg_memory_mb": 1527.922373046875,
          "sequence_length": 1536,
          "memory_span": 1000,
          "difficulty": "hard",
          "samples_evaluated": 50,
          "avg_loss": 10.492127015356925
        },
        "narrative_coherence": {
          "perplexity": 33465.6441507988,
          "token_accuracy": 0.0,
          "sequence_accuracy": 0.0,
          "avg_memory_mb": 2171.791572265625,
          "sequence_length": 3072,
          "memory_span": 1500,
          "difficulty": "extreme",
          "samples_evaluated": 50,
          "avg_loss": 10.418274643841912
        }
      },
      "phase_3_summary": {
        "avg_perplexity": 34748.17898517523,
        "avg_token_accuracy": 0.0,
        "avg_sequence_accuracy": 0.0,
        "avg_memory_mb": 1849.85697265625,
        "tasks_completed": 2
      },
      "phase_4": {
        "hierarchical_structure": {
          "perplexity": 31189.448783327927,
          "token_accuracy": 0.0,
          "sequence_accuracy": 0.0,
          "avg_memory_mb": 1696.580947265625,
          "sequence_length": 2048,
          "memory_span": 1200,
          "difficulty": "extreme",
          "samples_evaluated": 50,
          "avg_loss": 10.347835136580274
        }
      },
      "phase_4_summary": {
        "avg_perplexity": 31189.448783327927,
        "avg_token_accuracy": 0.0,
        "avg_sequence_accuracy": 0.0,
        "avg_memory_mb": 1696.580947265625,
        "tasks_completed": 1
      }
    },
    "standard_qwen3": {
      "phase_1": {
        "copy_task": {
          "perplexity": 35747.691669364685,
          "token_accuracy": 0.0,
          "sequence_accuracy": 0.0,
          "avg_memory_mb": 1382.793466796875,
          "sequence_length": 1024,
          "memory_span": 512,
          "difficulty": "medium",
          "samples_evaluated": 50,
          "avg_loss": 10.484240977348406
        },
        "associative_recall": {
          "perplexity": 29014.96457068279,
          "token_accuracy": 0.0,
          "sequence_accuracy": 0.0,
          "avg_memory_mb": 1680.900947265625,
          "sequence_length": 2048,
          "memory_span": 1000,
          "difficulty": "hard",
          "samples_evaluated": 50,
          "avg_loss": 10.275566995554957
        }
      },
      "phase_1_summary": {
        "avg_perplexity": 32381.32812002374,
        "avg_token_accuracy": 0.0,
        "avg_sequence_accuracy": 0.0,
        "avg_memory_mb": 1531.84720703125,
        "tasks_completed": 2
      },
      "phase_2": {
        "needle_in_haystack": {
          "perplexity": 35396.2509431676,
          "token_accuracy": 3.0007501875468866e-05,
          "sequence_accuracy": 3.000750187546887e-05,
          "avg_memory_mb": 2744.190673828125,
          "sequence_length": 4096,
          "memory_span": 2000,
          "difficulty": "extreme",
          "samples_evaluated": 50,
          "avg_loss": 10.474361187953239
        },
        "long_arithmetic": {
          "perplexity": 35113.23549631866,
          "token_accuracy": 7.833614037836356e-05,
          "sequence_accuracy": 7.833538739312023e-05,
          "avg_memory_mb": 1382.793466796875,
          "sequence_length": 1024,
          "memory_span": 800,
          "difficulty": "hard",
          "samples_evaluated": 50,
          "avg_loss": 10.466333418044485
        }
      },
      "phase_2_summary": {
        "avg_perplexity": 35254.74321974313,
        "avg_token_accuracy": 5.417182112691621e-05,
        "avg_sequence_accuracy": 5.4171444634294546e-05,
        "avg_memory_mb": 2063.4920703125,
        "tasks_completed": 2
      },
      "phase_3": {
        "variable_binding": {
          "perplexity": 34507.018813421826,
          "token_accuracy": 0.0,
          "sequence_accuracy": 0.0,
          "avg_memory_mb": 1513.231787109375,
          "sequence_length": 1536,
          "memory_span": 1000,
          "difficulty": "hard",
          "samples_evaluated": 50,
          "avg_loss": 10.448918026194853
        },
        "narrative_coherence": {
          "perplexity": 34162.45585541458,
          "token_accuracy": 0.0,
          "sequence_accuracy": 0.0,
          "avg_memory_mb": 2148.277509765625,
          "sequence_length": 3072,
          "memory_span": 1500,