{
  "task_specific": {
    "sst2": {
      "reversible_qwen3": {
        "train_losses": [
          0.5154379030658627,
          0.32283848748495914
        ],
        "val_metrics": [
          0.7901376146788991,
          0.8038990825688074
        ],
        "best_metric": 0.8038990825688074,
        "epochs_trained": 2
      },
      "standard_qwen3": {
        "train_losses": [
          0.506918060330059,
          0.31682459314546224
        ],
        "val_metrics": [
          0.7798165137614679,
          0.786697247706422
        ],
        "best_metric": 0.786697247706422,
        "epochs_trained": 2
      }
    }
  },
  "glue_plus": {
    "reversible_qwen3": {
      "sst2": {
        "score": 0.5126146788990825,
        "inference_time": 9.815507525697761,
        "num_samples": 872,
        "difficulty": "easy"
      },
      "_summary": {
        "overall_score": 0.5126146788990825,
        "weighted_score": 0.5126146788990825,
        "tasks_completed": 1,
        "total_tasks": 1
      }
    },
    "standard_qwen3": {
      "sst2": {
        "score": 0.3830275229357798,
        "inference_time": 9.786665166189911,
        "num_samples": 872,
        "difficulty": "easy"
      },
      "_summary": {
        "overall_score": 0.3830275229357798,
        "weighted_score": 0.3830275229357798,
        "tasks_completed": 1,
        "total_tasks": 1
      }
    }
  },
  "memory": {
    "reversible_qwen3": {
      "phase_1": {
        "copy_task": {
          "perplexity": 35109.874033339554,
          "token_accuracy": 3.721899657585231e-05,
          "sequence_accuracy": 3.780718336483932e-05,
          "avg_memory_mb": 2377.646396484375,
          "sequence_length": 1024,
          "memory_span": 512,
          "difficulty": "medium",
          "samples_evaluated": 50,
          "avg_loss": 10.466237681384454
        },
        "associative_recall": {
          "perplexity": 48316.82031774511,
          "token_accuracy": 0.0,
          "sequence_accuracy": 0.0,
          "avg_memory_mb": 2683.219580078125,
          "sequence_length": 2048,
          "memory_span": 1000,
          "difficulty": "hard",
          "samples_evaluated": 50,
          "avg_loss": 10.785535025761046
        }
      },
      "phase_1_summary": {
        "avg_perplexity": 41713.34717554233,
        "avg_token_accuracy": 1.8609498287926157e-05,
        "avg_sequence_accuracy": 1.890359168241966e-05,
        "avg_memory_mb": 2530.43298828125,
        "tasks_completed": 2
      },
      "phase_2": {
        "needle_in_haystack": {
          "perplexity": 35461.874065447024,
          "token_accuracy": 4.001000250062516e-05,
          "sequence_accuracy": 4.001000250062515e-05,
          "avg_memory_mb": 3761.616591796875,
          "sequence_length": 4096,
          "memory_span": 2000,
          "difficulty": "extreme",
          "samples_evaluated": 50,
          "avg_loss": 10.47621342835709
        },
        "long_arithmetic": {
          "perplexity": 35725.35273490867,
          "token_accuracy": 0.0,
          "sequence_accuracy": 0.0,
          "avg_memory_mb": 2377.646396484375,
          "sequence_length": 1024,
          "memory_span": 800,
          "difficulty": "hard",
          "samples_evaluated": 50,
          "avg_loss": 10.483615876364683
        }
      },
      "phase_2_summary": {
        "avg_perplexity": 35593.61340017785,
        "avg_token_accuracy": 2.000500125031258e-05,
        "avg_sequence_accuracy": 2.0005001250312576e-05,
        "avg_memory_mb": 3069.6314941406254,
        "tasks_completed": 2
      },
      "phase_3": {
        "variable_binding": {
          "perplexity": 35311.885368307085,
          "token_accuracy": 0.0,
          "sequence_accuracy": 0.0,
          "avg_memory_mb": 2512.977216796875,
          "sequence_length": 1536,
          "memory_span": 1000,
          "difficulty": "hard",
          "samples_evaluated": 50,
          "avg_loss": 10.471974882238051
        },
        "narrative_coherence": {
          "perplexity": 35060.37993942523,
          "token_accuracy": 0.0,
          "sequence_accuracy": 0.0,
          "avg_memory_mb": 3156.850322265625,
          "sequence_length": 3072,
          "memory_span": 1500,
          "difficulty": "extreme",
          "samples_evaluated": 50,
          "avg_loss": 10.464826995251226
        }
      },
      "phase_3_summary": {
        "avg_perplexity": 35186.13265386615,
        "avg_token_accuracy": 0.0,
        "avg_sequence_accuracy": 0.0,
        "avg_memory_mb": 2834.91376953125,
        "tasks_completed": 2
      },
      "phase_4": {
        "hierarchical_structure": {
          "perplexity": 33973.92404597716,
          "token_accuracy": 0.0,
          "sequence_accuracy": 0.0,
          "avg_memory_mb": 2683.219580078125,
          "sequence_length": 2048,
          "memory_span": 1200,
          "difficulty": "extreme",
          "samples_evaluated": 50,
          "avg_loss": 10.433348569525293
        }
      },
      "phase_4_summary": {
        "avg_perplexity": 33973.92404597716,
        "avg_token_accuracy": 0.0,
        "avg_sequence_accuracy": 0.0,
        "avg_memory_mb": 2683.219580078125,
        "tasks_completed": 1
      }
    },
    "standard_qwen3": {
      "phase_1": {
        "copy_task": {
          "perplexity": 35370.16524945365,
          "token_accuracy": 0.0,
          "sequence_accuracy": 0.0,
          "avg_memory_mb": 2367.855966796875,
          "sequence_length": 1024,
          "memory_span": 512,
          "difficulty": "medium",
          "samples_evaluated": 50,
          "avg_loss": 10.473623954211616
        },
        "associative_recall": {
          "perplexity": 34738.06234355461,
          "token_accuracy": 0.0,
          "sequence_accuracy": 0.0,
          "avg_memory_mb": 2667.547236328125,
          "sequence_length": 2048,
          "memory_span": 1000,
          "difficulty": "hard",
          "samples_evaluated": 50,
          "avg_loss": 10.455591262291218
        }
      },
      "phase_1_summary": {
        "avg_perplexity": 35054.11379650413,
        "avg_token_accuracy": 0.0,
        "avg_sequence_accuracy": 0.0,
        "avg_memory_mb": 2517.7016015625,
        "tasks_completed": 2
      },
      "phase_2": {
        "needle_in_haystack": {
          "perplexity": 35408.14269279178,
          "token_accuracy": 3.0007501875468866e-05,
          "sequence_accuracy": 3.000750187546887e-05,
          "avg_memory_mb": 3730.124404296875,
          "sequence_length": 4096,
          "memory_span": 2000,
          "difficulty": "extreme",
          "samples_evaluated": 50,
          "avg_loss": 10.47469709224181
        },
        "long_arithmetic": {
          "perplexity": 35217.31412004186,
          "token_accuracy": 5.874865367668658e-05,
          "sequence_accuracy": 5.8746748803502185e-05,
          "avg_memory_mb": 2367.855966796875,
          "sequence_length": 1024,
          "memory_span": 800,
          "difficulty": "hard",
          "samples_evaluated": 50,
          "avg_loss": 10.469293119063938
        }
      },
      "phase_2_summary": {
        "avg_perplexity": 35312.72840641682,
        "avg_token_accuracy": 4.437807777607772e-05,
        "avg_sequence_accuracy": 4.437712533948553e-05,
        "avg_memory_mb": 3048.990185546875,
        "tasks_completed": 2
      },
      "phase_3": {
        "variable_binding": {
          "perplexity": 36090.1637453495,
          "token_accuracy": 0.0,
          "sequence_accuracy": 0.0,
          "avg_memory_mb": 2498.286787109375,
          "sequence_length": 1536,
          "memory_span": 1000,
          "difficulty": "hard",
          "samples_evaluated": 50,
          "avg_loss": 10.493775634765624
        },
        "narrative_coherence": {
          "perplexity": 34728.99792230899,
          "token_accuracy": 0.0,
          "sequence_accuracy": 0.0,
          "avg_memory_mb": 3133.337978515625,
          "sequence_length": 3072,