{
  "task_specific": {
    "sst2": {
      "reversible_qwen3": {
        "train_losses": [
          0.42474887711368836
        ],
        "val_metrics": [
          0.79
        ],
        "best_metric": 0.79,
        "epochs_trained": 1
      },
      "standard_qwen3": {
        "train_losses": [
          0.45983346738669145
        ],
        "val_metrics": [
          0.8
        ],
        "best_metric": 0.8,
        "epochs_trained": 1
      }
    }
  },
  "glue_plus": {
    "reversible_qwen3": {
      "sst2": {
        "score": 0.48623853211009177,
        "inference_time": 9.867873760538364,
        "num_samples": 872,
        "difficulty": "easy"
      },
      "_summary": {
        "overall_score": 0.48623853211009177,
        "weighted_score": 0.48623853211009177,
        "tasks_completed": 1,
        "total_tasks": 1
      }
    },
    "standard_qwen3": {
      "sst2": {
        "score": 0.4908256880733945,
        "inference_time": 9.79948344580624,
        "num_samples": 872,
        "difficulty": "easy"
      },
      "_summary": {
        "overall_score": 0.4908256880733945,
        "weighted_score": 0.4908256880733945,
        "tasks_completed": 1,
        "total_tasks": 1
      }
    }
  },
  "memory": {
    "reversible_qwen3": {
      "phase_1": {
        "copy_task": {
          "perplexity": 35125.29670125041,
          "token_accuracy": 0.0,
          "sequence_accuracy": 0.0,
          "avg_memory_mb": 2384.868037109375,
          "sequence_length": 1024,
          "memory_span": 512,
          "difficulty": "medium",
          "samples_evaluated": 50,
          "avg_loss": 10.466676853611059
        },
        "associative_recall": {
          "perplexity": 33202.50509795633,
          "token_accuracy": 0.0,
          "sequence_accuracy": 0.0,
          "avg_memory_mb": 2688.622880859375,
          "sequence_length": 2048,
          "memory_span": 1000,
          "difficulty": "hard",
          "samples_evaluated": 50,
          "avg_loss": 10.410380606815734
        }
      },
      "phase_1_summary": {
        "avg_perplexity": 34163.900899603366,
        "avg_token_accuracy": 0.0,
        "avg_sequence_accuracy": 0.0,
        "avg_memory_mb": 2536.745458984375,
        "tasks_completed": 2
      },
      "phase_2": {
        "needle_in_haystack": {
          "perplexity": 35321.38136918765,
          "token_accuracy": 6.001500375093773e-05,
          "sequence_accuracy": 6.001500375093774e-05,
          "avg_memory_mb": 3767.7340625,
          "sequence_length": 4096,
          "memory_span": 2000,
          "difficulty": "extreme",
          "samples_evaluated": 50,
          "avg_loss": 10.472243764066016
        },
        "long_arithmetic": {
          "perplexity": 35646.16238854683,
          "token_accuracy": 0.0,
          "sequence_accuracy": 0.0,
          "avg_memory_mb": 2384.868037109375,
          "sequence_length": 1024,
          "memory_span": 800,
          "difficulty": "hard",
          "samples_evaluated": 50,
          "avg_loss": 10.481396773163018
        }
      },
      "phase_2_summary": {
        "avg_perplexity": 35483.771878867236,
        "avg_token_accuracy": 3.0007501875468866e-05,
        "avg_sequence_accuracy": 3.000750187546887e-05,
        "avg_memory_mb": 3076.301049804688,
        "tasks_completed": 2
      },
      "phase_3": {
        "variable_binding": {
          "perplexity": 36003.61594572078,
          "token_accuracy": 0.0,
          "sequence_accuracy": 0.0,
          "avg_memory_mb": 2521.285107421875,
          "sequence_length": 1536,
          "memory_span": 1000,
          "difficulty": "hard",
          "samples_evaluated": 50,
          "avg_loss": 10.491374655330882
        },
        "narrative_coherence": {
          "perplexity": 34050.27776676047,
          "token_accuracy": 0.0,
          "sequence_accuracy": 0.0,
          "avg_memory_mb": 3163.979150390625,
          "sequence_length": 3072,
          "memory_span": 1500,
          "difficulty": "extreme",
          "samples_evaluated": 50,
          "avg_loss": 10.435593469158496
        }
      },
      "phase_3_summary": {
        "avg_perplexity": 35026.946856240625,
        "avg_token_accuracy": 0.0,
        "avg_sequence_accuracy": 0.0,
        "avg_memory_mb": 2842.63212890625,
        "tasks_completed": 2
      },
      "phase_4": {
        "hierarchical_structure": {
          "perplexity": 37804.42836276054,
          "token_accuracy": 0.0,
          "sequence_accuracy": 0.0,
          "avg_memory_mb": 2688.622880859375,
          "sequence_length": 2048,
          "memory_span": 1200,
          "difficulty": "extreme",
          "samples_evaluated": 50,
          "avg_loss": 10.540181527199849
        }
      },
      "phase_4_summary": {
        "avg_perplexity": 37804.42836276054,
        "avg_token_accuracy": 0.0,
        "avg_sequence_accuracy": 0.0,
        "avg_memory_mb": 2688.622880859375,
        "tasks_completed": 1
      }
    },
    "standard_qwen3": {
      "phase_1": {
        "copy_task": {
          "perplexity": 34818.58537438364,
          "token_accuracy": 0.0001120406334030475,
          "sequence_accuracy": 0.00011286577291419906,
          "avg_memory_mb": 2375.065185546875,
          "sequence_length": 1024,
          "memory_span": 512,
          "difficulty": "medium",
          "samples_evaluated": 50,
          "avg_loss": 10.457906585684242
        },
        "associative_recall": {
          "perplexity": 42136.803997763374,
          "token_accuracy": 0.0,
          "sequence_accuracy": 0.0,
          "avg_memory_mb": 2672.952412109375,
          "sequence_length": 2048,
          "memory_span": 1000,
          "difficulty": "hard",
          "samples_evaluated": 50,
          "avg_loss": 10.648676841998922
        }
      },
      "phase_1_summary": {
        "avg_perplexity": 38477.694686073504,
        "avg_token_accuracy": 5.602031670152375e-05,
        "avg_sequence_accuracy": 5.643288645709953e-05,
        "avg_memory_mb": 2524.008798828125,
        "tasks_completed": 2
      },
      "phase_2": {
        "needle_in_haystack": {
          "perplexity": 35338.687751815654,
          "token_accuracy": 3.500875218804701e-05,
          "sequence_accuracy": 3.500875218804701e-05,
          "avg_memory_mb": 3735.741875,
          "sequence_length": 4096,
          "memory_span": 2000,
          "difficulty": "extreme",
          "samples_evaluated": 50,
          "avg_loss": 10.472733613090773
        },
        "long_arithmetic": {
          "perplexity": 36119.46369564955,
          "token_accuracy": 0.0,
          "sequence_accuracy": 0.0,
          "avg_memory_mb": 2375.065185546875,
          "sequence_length": 1024,
          "memory_span": 800,
          "difficulty": "hard",
          "samples_evaluated": 50,
          "avg_loss": 10.494587159570457
        }
      },
      "phase_2_summary": {
        "avg_perplexity": 35729.0757237326,
        "avg_token_accuracy": 1.7504376094023506e-05,
        "avg_sequence_accuracy": 1.7504376094023506e-05,
        "avg_memory_mb": 3055.4035302734374,
        "tasks_completed": 2
      },
      "phase_3": {
        "variable_binding": {
          "perplexity": 38043.10947751002,
          "token_accuracy": 7.352941176470588e-05,
          "sequence_accuracy": 7.352941176470588e-05,
          "avg_memory_mb": 2506.173740234375,
          "sequence_length": 1536,
          "memory_span": 1000,
          "difficulty": "hard",
          "samples_evaluated": 50,
          "avg_loss": 10.546475255629595
        },
        "narrative_coherence": {
          "perplexity": 31944.462989121454,
          "token_accuracy": 0.0,
          "sequence_accuracy": 0.0,
          "avg_memory_mb": 3140.466806640625,
          "sequence_length": 3072,
          "memory_span": 1500,
          "difficulty": "extreme",
          "samples_evaluated": 50,
          "avg_loss": 10.371754142412174
        }
      },