{
  "task_specific": {
    "sst2": {}
  },
  "glue_plus": {
    "reversible_qwen3": {
      "sst2": {
        "score": 0.4908256880733945,
        "inference_time": 9.408260157348913,
        "num_samples": 872,
        "difficulty": "easy"
      },
      "_summary": {
        "overall_score": 0.4908256880733945,
        "weighted_score": 0.4908256880733945,
        "tasks_completed": 1,
        "total_tasks": 1
      }
    },
    "standard_qwen3": {
      "sst2": {
        "score": 0.5091743119266054,
        "inference_time": 9.411544701374998,
        "num_samples": 872,
        "difficulty": "easy"
      },
      "_summary": {
        "overall_score": 0.5091743119266054,
        "weighted_score": 0.5091743119266054,
        "tasks_completed": 1,
        "total_tasks": 1
      }
    }
  },
  "memory": {
    "reversible_qwen3": {
      "phase_1": {
        "copy_task": {
          "perplexity": 35782.879008388016,
          "token_accuracy": 0.0,
          "sequence_accuracy": 0.0,
          "avg_memory_mb": 1392.794873046875,
          "sequence_length": 1024,
          "memory_span": 512,
          "difficulty": "medium",
          "samples_evaluated": 50,
          "avg_loss": 10.485224818006413
        },
        "associative_recall": {
          "perplexity": 31319.279198459284,
          "token_accuracy": 0.0,
          "sequence_accuracy": 0.0,
          "avg_memory_mb": 1696.564169921875,
          "sequence_length": 2048,
          "memory_span": 1000,
          "difficulty": "hard",
          "samples_evaluated": 50,
          "avg_loss": 10.351989135742187
        }
      },
      "phase_1_summary": {
        "avg_perplexity": 33551.079103423646,
        "avg_token_accuracy": 0.0,
        "avg_sequence_accuracy": 0.0,
        "avg_memory_mb": 1544.679521484375,
        "tasks_completed": 2
      },
      "phase_2": {
        "needle_in_haystack": {
          "perplexity": 35386.10869641012,
          "token_accuracy": 3.500875218804701e-05,
          "sequence_accuracy": 3.500875218804701e-05,
          "avg_memory_mb": 2776.161298828125,
          "sequence_length": 4096,
          "memory_span": 2000,
          "difficulty": "extreme",
          "samples_evaluated": 50,
          "avg_loss": 10.4740746124031
        },
        "long_arithmetic": {
          "perplexity": 34467.85329487311,
          "token_accuracy": 1.9581734158377067e-05,
          "sequence_accuracy": 1.9569471624266145e-05,
          "avg_memory_mb": 1392.794873046875,
          "sequence_length": 1024,
          "memory_span": 800,
          "difficulty": "hard",
          "samples_evaluated": 50,
          "avg_loss": 10.447782380080236
        }
      },
      "phase_2_summary": {
        "avg_perplexity": 34926.980995641614,
        "avg_token_accuracy": 2.7295243173212038e-05,
        "avg_sequence_accuracy": 2.7289111906156578e-05,
        "avg_memory_mb": 2084.4780859375,
        "tasks_completed": 2
      },
      "phase_3": {
        "variable_binding": {
          "perplexity": 35411.93993204686,
          "token_accuracy": 0.0,
          "sequence_accuracy": 0.0,
          "avg_memory_mb": 1527.922216796875,
          "sequence_length": 1536,
          "memory_span": 1000,
          "difficulty": "hard",
          "samples_evaluated": 50,
          "avg_loss": 10.47480432846967
        },
        "narrative_coherence": {
          "perplexity": 34488.51506179361,
          "token_accuracy": 0.0,
          "sequence_accuracy": 0.0,
          "avg_memory_mb": 2171.790400390625,
          "sequence_length": 3072,
          "memory_span": 1500,
          "difficulty": "extreme",
          "samples_evaluated": 50,
          "avg_loss": 10.448381650837419
        }
      },
      "phase_3_summary": {
        "avg_perplexity": 34950.22749692023,
        "avg_token_accuracy": 0.0,
        "avg_sequence_accuracy": 0.0,
        "avg_memory_mb": 1849.85630859375,
        "tasks_completed": 2
      },
      "phase_4": {
        "hierarchical_structure": {
          "perplexity": 29161.427966695905,
          "token_accuracy": 0.0,
          "sequence_accuracy": 0.0,
          "avg_memory_mb": 1696.564169921875,
          "sequence_length": 2048,
          "memory_span": 1200,
          "difficulty": "extreme",
          "samples_evaluated": 50,
          "avg_loss": 10.2806021549749
        }
      },
      "phase_4_summary": {
        "avg_perplexity": 29161.427966695905,
        "avg_token_accuracy": 0.0,
        "avg_sequence_accuracy": 0.0,
        "avg_memory_mb": 1696.564169921875,
        "tasks_completed": 1
      }
    },
    "standard_qwen3": {
      "phase_1": {
        "copy_task": {
          "perplexity": 35044.48918804956,
          "token_accuracy": 0.000375037503750375,
          "sequence_accuracy": 0.00037457509435656405,
          "avg_memory_mb": 1382.992958984375,
          "sequence_length": 1024,
          "memory_span": 512,
          "difficulty": "medium",
          "samples_evaluated": 50,
          "avg_loss": 10.464373652941466
        },
        "associative_recall": {
          "perplexity": 45875.87930847135,
          "token_accuracy": 0.0,
          "sequence_accuracy": 0.0,
          "avg_memory_mb": 1680.888193359375,
          "sequence_length": 2048,
          "memory_span": 1000,
          "difficulty": "hard",
          "samples_evaluated": 50,
          "avg_loss": 10.733694752660291
        }
      },
      "phase_1_summary": {
        "avg_perplexity": 40460.184248260455,
        "avg_token_accuracy": 0.0001875187518751875,
        "avg_sequence_accuracy": 0.00018728754717828202,
        "avg_memory_mb": 1531.940576171875,
        "tasks_completed": 2
      },
      "phase_2": {
        "needle_in_haystack": {
          "perplexity": 35433.71303204713,
          "token_accuracy": 4.001000250062516e-05,
          "sequence_accuracy": 4.001000250062516e-05,
          "avg_memory_mb": 2744.169111328125,
          "sequence_length": 4096,
          "memory_span": 2000,
          "difficulty": "extreme",
          "samples_evaluated": 50,
          "avg_loss": 10.475418991466617
        },
        "long_arithmetic": {
          "perplexity": 35202.421547321705,
          "token_accuracy": 3.916500215407512e-05,
          "sequence_accuracy": 3.9177277179236047e-05,
          "avg_memory_mb": 1382.992958984375,
          "sequence_length": 1024,
          "memory_span": 800,
          "difficulty": "hard",
          "samples_evaluated": 50,
          "avg_loss": 10.468870153177996
        }
      },
      "phase_2_summary": {
        "avg_perplexity": 35318.06728968442,
        "avg_token_accuracy": 3.958750232735014e-05,
        "avg_sequence_accuracy": 3.95936398399306e-05,
        "avg_memory_mb": 2063.58103515625,
        "tasks_completed": 2
      },
      "phase_3": {
        "variable_binding": {
          "perplexity": 36854.53948410689,
          "token_accuracy": 0.0,
          "sequence_accuracy": 0.0,
          "avg_memory_mb": 1513.231787109375,
          "sequence_length": 1536,
          "memory_span": 1000,
          "difficulty": "hard",
          "samples_evaluated": 50,
          "avg_loss": 10.514734078201593
        },
        "narrative_coherence": {
          "perplexity": 37496.539653008585,
          "token_accuracy": 0.0,
          "sequence_accuracy": 0.0,
          "avg_memory_mb": 2148.279384765625,
          "sequence_length": 3072,
          "memory_span": 1500,
          "difficulty": "extreme",
          "samples_evaluated": 50,
          "avg_loss": 10.532003931781047
        }
      },
      "phase_3_summary": {
        "avg_perplexity": 37175.53956855774,
        "avg_token_accuracy": 0.0,
        "avg_sequence_accuracy": 0.0,
        "avg_memory_mb": 1830.7555859375,
        "tasks_completed": 2
      },
      "phase_4": {
        "hierarchical_structure": {
          "perplexity": 33690.94166758323,
          "token_accuracy": 0.0,
          "sequence_accuracy": 0.0,