{
  "task_specific": {},
  "glue_plus": {
    "reversible_qwen3": {
      "_summary": {
        "overall_score": 0.0,
        "weighted_score": 0.0,
        "tasks_completed": 0,
        "total_tasks": 1
      }
    },
    "standard_qwen3": {
      "_summary": {
        "overall_score": 0.0,
        "weighted_score": 0.0,
        "tasks_completed": 0,
        "total_tasks": 1
      }
    }
  },
  "memory": {
    "reversible_qwen3": {
      "phase_1": {
        "copy_task": {
          "perplexity": 34530.17479378625,
          "token_accuracy": 0.0007802630601174111,
          "sequence_accuracy": 0.0007833689917840103,
          "avg_memory_mb": 1392.603037109375,
          "sequence_length": 1024,
          "memory_span": 512,
          "difficulty": "medium",
          "samples_evaluated": 50,
          "avg_loss": 10.449588852455971
        },
        "associative_recall": {
          "perplexity": 49937.045602942606,
          "token_accuracy": 0.0,
          "sequence_accuracy": 0.0,
          "avg_memory_mb": 1696.829853515625,
          "sequence_length": 2048,
          "memory_span": 1000,
          "difficulty": "hard",
          "samples_evaluated": 50,
          "avg_loss": 10.81851840315194
        }
      },
      "phase_1_summary": {
        "avg_perplexity": 42233.61019836443,
        "avg_token_accuracy": 0.00039013153005870553,
        "avg_sequence_accuracy": 0.00039168449589200514,
        "avg_memory_mb": 1544.7164453125001,
        "tasks_completed": 2
      },
      "phase_2": {
        "needle_in_haystack": {
          "perplexity": 35483.73202301092,
          "token_accuracy": 3.500875218804701e-05,
          "sequence_accuracy": 3.500875218804701e-05,
          "avg_memory_mb": 2776.057294921875,
          "sequence_length": 4096,
          "memory_span": 2000,
          "difficulty": "extreme",
          "samples_evaluated": 50,
          "avg_loss": 10.47682961756064
        },
        "long_arithmetic": {
          "perplexity": 36072.38165948463,
          "token_accuracy": 0.0,
          "sequence_accuracy": 0.0,
          "avg_memory_mb": 1392.603037109375,
          "sequence_length": 1024,
          "memory_span": 800,
          "difficulty": "hard",
          "samples_evaluated": 50,
          "avg_loss": 10.493282800536315
        }
      },
      "phase_2_summary": {
        "avg_perplexity": 35778.05684124777,
        "avg_token_accuracy": 1.7504376094023506e-05,
        "avg_sequence_accuracy": 1.7504376094023506e-05,
        "avg_memory_mb": 2084.330166015625,
        "tasks_completed": 2
      },
      "phase_3": {
        "variable_binding": {
          "perplexity": 30885.15005130173,
          "token_accuracy": 0.0,
          "sequence_accuracy": 0.0,
          "avg_memory_mb": 1527.914716796875,
          "sequence_length": 1536,
          "memory_span": 1000,
          "difficulty": "hard",
          "samples_evaluated": 50,
          "avg_loss": 10.33803076650582
        },
        "narrative_coherence": {
          "perplexity": 36636.355820893645,
          "token_accuracy": 0.0,
          "sequence_accuracy": 0.0,
          "avg_memory_mb": 2171.787822265625,
          "sequence_length": 3072,
          "memory_span": 1500,
          "difficulty": "extreme",
          "samples_evaluated": 50,
          "avg_loss": 10.508796354804943
        }
      },
      "phase_3_summary": {
        "avg_perplexity": 33760.75293609769,
        "avg_token_accuracy": 0.0,
        "avg_sequence_accuracy": 0.0,
        "avg_memory_mb": 1849.85126953125,
        "tasks_completed": 2
      },
      "phase_4": {
        "hierarchical_structure": {
          "perplexity": 25856.59915924245,
          "token_accuracy": 0.0,
          "sequence_accuracy": 0.0,
          "avg_memory_mb": 1696.829853515625,
          "sequence_length": 2048,
          "memory_span": 1200,
          "difficulty": "extreme",
          "samples_evaluated": 50,
          "avg_loss": 10.160321133980956
        }
      },
      "phase_4_summary": {
        "avg_perplexity": 25856.59915924245,
        "avg_token_accuracy": 0.0,
        "avg_sequence_accuracy": 0.0,
        "avg_memory_mb": 1696.829853515625,
        "tasks_completed": 1
      }
    },
    "standard_qwen3": {
      "phase_1": {
        "copy_task": {
          "perplexity": 36190.95428868218,
          "token_accuracy": 0.0,
          "sequence_accuracy": 0.0,
          "avg_memory_mb": 1382.793466796875,
          "sequence_length": 1024,
          "memory_span": 512,
          "difficulty": "medium",
          "samples_evaluated": 50,
          "avg_loss": 10.496564485060155
        },
        "associative_recall": {
          "perplexity": 25335.423476276286,
          "token_accuracy": 0.0,
          "sequence_accuracy": 0.0,
          "avg_memory_mb": 1681.131064453125,
          "sequence_length": 2048,
          "memory_span": 1000,
          "difficulty": "hard",
          "samples_evaluated": 50,
          "avg_loss": 10.13995883283944
        }
      },
      "phase_1_summary": {
        "avg_perplexity": 30763.188882479233,
        "avg_token_accuracy": 0.0,
        "avg_sequence_accuracy": 0.0,
        "avg_memory_mb": 1531.9622656249999,
        "tasks_completed": 2
      },
      "phase_2": {
        "needle_in_haystack": {
          "perplexity": 35531.79185803226,
          "token_accuracy": 2.000500125031258e-05,
          "sequence_accuracy": 2.000500125031258e-05,
          "avg_memory_mb": 2744.127451171875,
          "sequence_length": 4096,
          "memory_span": 2000,
          "difficulty": "extreme",
          "samples_evaluated": 50,
          "avg_loss": 10.47818311999875
        },
        "long_arithmetic": {
          "perplexity": 35343.71636179121,
          "token_accuracy": 1.958058389301169e-05,
          "sequence_accuracy": 1.9588638589618023e-05,
          "avg_memory_mb": 1382.793466796875,
          "sequence_length": 1024,
          "memory_span": 800,
          "difficulty": "hard",
          "samples_evaluated": 50,
          "avg_loss": 10.472875900553886
        }
      },
      "phase_2_summary": {
        "avg_perplexity": 35437.75410991174,
        "avg_token_accuracy": 1.9792792571662132e-05,
        "avg_sequence_accuracy": 1.97968199199653e-05,
        "avg_memory_mb": 2063.460458984375,
        "tasks_completed": 2
      },
      "phase_3": {
        "variable_binding": {
          "perplexity": 36828.04904691932,
          "token_accuracy": 0.0,
          "sequence_accuracy": 0.0,
          "avg_memory_mb": 1513.224287109375,
          "sequence_length": 1536,
          "memory_span": 1000,
          "difficulty": "hard",
          "samples_evaluated": 50,
          "avg_loss": 10.514015036190257
        },
        "narrative_coherence": {
          "perplexity": 35494.0108337932,
          "token_accuracy": 0.0,
          "sequence_accuracy": 0.0,
          "avg_memory_mb": 2148.275478515625,
          "sequence_length": 3072,
          "memory_span": 1500,
          "difficulty": "extreme",
          "samples_evaluated": 50,
          "avg_loss": 10.477119252323325
        }
      },
      "phase_3_summary": {
        "avg_perplexity": 36161.02994035626,
        "avg_token_accuracy": 0.0,
        "avg_sequence_accuracy": 0.0,
        "avg_memory_mb": 1830.7498828125,
        "tasks_completed": 2
      },
      "phase_4": {
        "hierarchical_structure": {
          "perplexity": 37315.75532117046,
          "token_accuracy": 0.0,
          "sequence_accuracy": 0.0,
          "avg_memory_mb": 1681.131064453125,
          "sequence_length": 2048,
          "memory_span": 1200,
          "difficulty": "extreme",
          "samples_evaluated": 50,
          "avg_loss": 10.52717091111784
        }
      },
      "phase_4_summary": {
        "avg_perplexity": 37315.75532117046,
        "avg_token_accuracy": 0.0,
        "avg_sequence_accuracy": 0.0,
        "avg_memory_mb": 1681.131064453125,